Filename,Absolute_Path,SHA256
File001,C:\Users\win11user\Desktop\File\File001,7a6f4e0442b3b4f6f936c00e7fd813d0fda011f10496481d94805003cf4f330b
File002,C:\Users\win11user\Desktop\File\File002,ed5de336ddc9ff34554219b5c125971399bbbbb71db8a465aa7d17bb8944eb9d
File003,C:\Users\win11user\Desktop\File\File003,58d04b05a781cbfe76a36ce7a5e275b65972dacd5384b990217d271d090e8e0b
File004,C:\Users\win11user\Desktop\File\File004,621a179e360dde879b74b9be144b8ab6e630e58ea992971f3bca9146c9635c20
File005,C:\Users\win11user\Desktop\File\File005,be03d7f716ccb1120fabf644f12d9bea11e0eeeb8b2c64686b842869cd4c50f0
File006,C:\Users\win11user\Desktop\File\File006,fe5d03498443b9d9b248d83499f26e7c177ca6e41c4394ff010f77aa85344a91
File007,C:\Users\win11user\Desktop\File\File007,593e2bfb37d712aa42b97ca849d23107456dcc69dc61408978c4ae4c5a9806e8
File008,C:\Users\win11user\Desktop\File\File008,1e8804a55aa1931e0382776bad307c5b7401daed687b87bf2dc2ca4a4cd075f5
File009,C:\Users\win11user\Desktop\File\File009,caa4f0870e1edf0e723db15963b182576d841a4df2202ea7e36a0c19a4a3853f
File010,C:\Users\win11user\Desktop\File\File010,3b7abb872967e1db077436f9888bb0039ad4cc0ef0ac066a638a57d4bd26c775
File011,C:\Users\win11user\Desktop\File\File011,7d0d7911b0d2f8edd31039124f32e2565cd65705d491344e7e51282da201de88
File012,C:\Users\win11user\Desktop\File\File012,071345a2709641e09bd87d46c65dd868e1000e1429f36051df2c9b479a9e8fd5
File013,C:\Users\win11user\Desktop\File\File013,ad4a58c7b13e3bf2504d6e9a4f67c03bbdc3cc09a338c3b7fdc1e890e1c80e93
File014,C:\Users\win11user\Desktop\File\File014,233c2b822e1930e61de96b91aa6051c327301c1f46a0887f43cc21534fd44de1
File015,C:\Users\win11user\Desktop\File\File015,324d140227ff55095c890442e288bd78259fb18008caac0bf611dfccad2d2bc2
File016,C:\Users\win11user\Desktop\File\File016,a71945c90d5a1dd9b21256ad2f71d6b426aa5a51bcdc1692b128e6316771c890
File017,C:\Users\win11user\Desktop\File\File017,6c2ddef8af98d34537d0b8cdb4251c2d6a55b09875305c82b39bdac20dea70ef
File018,C:\Users\win11user\Desktop\File\File018,304f551a0c08e27c12b749fcc8f213b97ba87c3f09d0669f6655e1a5400c933f
File019,C:\Users\win11user\Desktop\File\File019,2517ee94d08b1eb42f5599f45066d450c26782e1c6ffc0fc0225d89c62d2e2bf
File020,C:\Users\win11user\Desktop\File\File020,9fd1640e94b12e51aa238c41e6306f9e0619f672f969ec4b2cb347732744188a
File021,C:\Users\win11user\Desktop\File\File021,13fb48a6c31a72e0e2b69650b1cebe8954f7b73449848492dcfd22b25bd91afa
File022,C:\Users\win11user\Desktop\File\File022,5ba8b8c4481d78f5b39daffb796ff663aa50b8338edc61b0a6ee028ad0a1b2eb
File023,C:\Users\win11user\Desktop\File\File023,172ceeeacd20f57c054f26ba9ba83d9ea971fcb3cca9a343135371cddcd77197
File024,C:\Users\win11user\Desktop\File\File024,7dc700da62ae9e18138d220ea344c5c104b8c4a32dc2af96076121a799185dc4
File025,C:\Users\win11user\Desktop\File\File025,3df63fb05c080d1652305e4aa50bbcfba703b71f4f5b55b29762fdbb8eecf82b
File026,C:\Users\win11user\Desktop\File\File026,81cbae84a29ce7e770bf2bc7b178e50bda0ce8de6067aba661b0bc7b05b562f8
File027,C:\Users\win11user\Desktop\File\File027,a82e984256abd016dfef2e0dd554bf7d36c3edffdcc516580df4d0527da63cf8
File028,C:\Users\win11user\Desktop\File\File028,0a7cc99c58d394b983cd6f0084acc9fe71b7cc6bcfc91c543bb8dc1a5174b63b
File029,C:\Users\win11user\Desktop\File\File029,f2d66c27e46fd953e90929cfa21390964036b8c913d99acacc4295f8daa049de
File030,C:\Users\win11user\Desktop\File\File030,570481ebf63d977e87206c3810f9ffd4d9357b37aae5767d86a061fc0135d767
File031,C:\Users\win11user\Desktop\File\File031,81082c4fcc0ec554191ffe3443dacf4d442337264060ee97d019c3c84c6e099c
File032,C:\Users\win11user\Desktop\File\File032,89329961c24be7ab46447b5a0da0a3787e37f2d7d00c98aa3673c77c973e02a4
File033,C:\Users\win11user\Desktop\File\File033,52a382ff0005e95597de5539d5b9ab1208e5e943d19bb6a14537fec2d2a3d64d
File034,C:\Users\win11user\Desktop\File\File034,be063e3c106e6ecbcd6366742cfbacd3c6fdd5596665d2679de8cbfa5960d26f
File035,C:\Users\win11user\Desktop\File\File035,155f0ed931821473758ba6f804d113c50afe262eb1c4c182e3a0f1a7a09970ec
File036,C:\Users\win11user\Desktop\File\File036,fc691fa2e54dafccb9744fe0249f946a87b4e69f2a49ace3c9cce22dd737b82e
File037,C:\Users\win11user\Desktop\File\File037,7321f38d919d4fb46030f5692d2aaa8d74caee26fbbdf7e4b06ea71b68ed27fd
File038,C:\Users\win11user\Desktop\File\File038,131694dfcd8c271b37e54ca9e5c1abbb9ac88526e15cbb9356084667282d36eb
File039,C:\Users\win11user\Desktop\File\File039,abbc52db824b9a134dfd0ef0c646a8e2382a05e7af9a9f5865b77cc704844495
File040,C:\Users\win11user\Desktop\File\File040,0eefccda4460faab2f6a2243598f74a58c93c2ff01a60e4c7b87ff2ff048677e
File041,C:\Users\win11user\Desktop\File\File041,d2c03ebbcb573163994d6eb247209a6cd9ffd5141b14511e4766a31b303c0b65
File042,C:\Users\win11user\Desktop\File\File042,8b9d7b249fd8b32d14465b6d038060da3545114bcf0041ada1f7205b81d6887d
File043,C:\Users\win11user\Desktop\File\File043,13e84bab911c370a9c80081d6a711f6f334296996cac27348aaad72aa59dc5b7
File044,C:\Users\win11user\Desktop\File\File044,d6a99d5fa30152aa09b95e8198641cc9ee95c27051ceb5031b22bacb674a7073
File045,C:\Users\win11user\Desktop\File\File045,e3a4563c0f11178ce2eb4623899a43c9221b68e6e0b8ecaeebca23c4277d9496
File046,C:\Users\win11user\Desktop\File\File046,2300646f4daccc0773f9cdc078f603814c2025828cb978137e3b38fb1a2a64a3
File047,C:\Users\win11user\Desktop\File\File047,6a34ddbbc2a43d2c911fbf7b59824c4b7860448f7c1435e520b562af33614d50
File048,C:\Users\win11user\Desktop\File\File048,5ac465d7d37bad28b424c139e142cea865d163495182eecdebf02ea91705d0a9
File049,C:\Users\win11user\Desktop\File\File049,9f85d5be7ccd66b89e730bb720e157bac05d165d38cb41c343eb21421c10e359
File050,C:\Users\win11user\Desktop\File\File050,0bfdd7cb1d0cb8697316b798e83792d11634273aa4471e31409fe86c15e70104
File051,C:\Users\win11user\Desktop\File\File051,bb09f3b4e07672d3ac19638db0979ec4c5442492af49b14006c60c55a97f7d04
File052,C:\Users\win11user\Desktop\File\File052,2853b3fa183165c4ec4fe29a88c722c5573c60c40ac92581fa2ee53f6af22a8c
File053,C:\Users\win11user\Desktop\File\File053,cbc1858fa38513e9d63f90483cccc15745a5bfa58642b9fe8f60374f7d684308
File054,C:\Users\win11user\Desktop\File\File054,b2234d575d7257d1280199c630c2a9bc15d637dd04e040cff0d42dd8001f9531
File055,C:\Users\win11user\Desktop\File\File055,044dabbdcc1d8d6dcac29643daf6a30de44ba64d551361019d0ac29f3d09c551
File056,C:\Users\win11user\Desktop\File\File056,eebca9f734909c752bd248639b0b387908cb6df0182ea97346857fc88affb08a
File057,C:\Users\win11user\Desktop\File\File057,9c81453c7de7f7b959263051a8107ddafaad8a53fad4125c6a72541eb06a06bb
File058,C:\Users\win11user\Desktop\File\File058,0b37ab6ce65c46852c4201e7756c243a8a019ceba7b62558b2666a7eb24afb17
File059,C:\Users\win11user\Desktop\File\File059,5220da04b5ef146ca0230533d56c2085c170d9557c7333faad22f3bc766fb2b0
File060,C:\Users\win11user\Desktop\File\File060,35c1692f61a508740541e3ce33ebd664db88b7d78bbd99994b9082c42b99efdd
File061,C:\Users\win11user\Desktop\File\File061,d3dd96a21af17539c75ef957bd5a90b745c590af2667c282b160bdb2f0732067
File062,C:\Users\win11user\Desktop\File\File062,145cca35fc844f511e8af7756374d27125a440b088410ade80c15527fb39e224
File063,C:\Users\win11user\Desktop\File\File063,f1330cf05c37e77a9b29e7078d564282ca9c897ceebf50fa1e2078d21e48cffd
File064,C:\Users\win11user\Desktop\File\File064,06b41becd146579b61b1ff06b083406ec810d047b89adef3eaa0e50a3d6ade33
File065,C:\Users\win11user\Desktop\File\File065,ae1723cc3fb17ca87d6be46de09162dcb52f4b5291c58a095e12cbe3bb5e2414
File066,C:\Users\win11user\Desktop\File\File066,dacc4061e08088885f6338bdee771df124755e4b59c8abdd6bf96b9b81ddf538
File067,C:\Users\win11user\Desktop\File\File067,78d9ccc3aea19b6656afb4cb7a7afddf0eb3fa2ee3c348a628b3beeacd0e98a2
File068,C:\Users\win11user\Desktop\File\File068,e9099b712728530d628b1198561e6c2cac999f54e07a0a3923b9ad6f2d36004b
File069,C:\Users\win11user\Desktop\File\File069,4597944501acf1ef4475162997e25e581a6f5d7d760f85826e6960ef5a49d1fe
File070,C:\Users\win11user\Desktop\File\File070,c4cc527b4b4c5cab414a2ca920a3596df19ed8f5808509672b6b25b7feeca047
File071,C:\Users\win11user\Desktop\File\File071,f650b7d8b20d0dc12ecdd0f683c3a1252d4fa0d9941378541738f38614af3c67
File072,C:\Users\win11user\Desktop\File\File072,cfe80c6d2e2233791b84e68c40dbba5be93805c5f8ad829cf525b9dfd67c25a8
File073,C:\Users\win11user\Desktop\File\File073,bd678df29699f8c9af45ec4bf10f8b7a197bb0d07850fa5c64fd013910bc5e5c
File074,C:\Users\win11user\Desktop\File\File074,1a8bd54fb55f42a50ab36aae0ec2e366a7e16f2169086aa448d062be79b1ab1a
File075,C:\Users\win11user\Desktop\File\File075,44703ef6d22f6859c137eb844f3939d0e7aa21fb7f6bed16861758bb9e5229c5
File076,C:\Users\win11user\Desktop\File\File076,f7bd687eddd64d561b50372ddaef38b90ae58a358099a06dbf33a894856b9760
File077,C:\Users\win11user\Desktop\File\File077,611d489613cbef351d56d9e5b5e51e44d95376d60b70cee8c1bf4fd9a3d128e0
File078,C:\Users\win11user\Desktop\File\File078,18bda15f6aed8448f4d714569c4ca343ad8e7dc0ebdd7016fe4ecf8ba51b2c2d
File079,C:\Users\win11user\Desktop\File\File079,96cb4aaffd42b83c1f3325208d88d1d37bdc985d1e09bf3a01c42c3f4ce0a943
File080,C:\Users\win11user\Desktop\File\File080,4879d504f9bfb07bea63f737a7d075d02bd3ec8fdbec4acbcf13c22e2bece3b8
File081,C:\Users\win11user\Desktop\File\File081,9a253a8e0737cd0f157afcdcccc509e8da3e15aa072c5d1aeb3921aa9364216b
File082,C:\Users\win11user\Desktop\File\File082,a8e59a9df5508fc37a2bbbd42cb25427b0916d474b012ba2bf826190145594cb
File083,C:\Users\win11user\Desktop\File\File083,07c2b8430a74a8ac1622b5223d7b11b1cdfbc24db0e0b34ef72697c35799a91f
File084,C:\Users\win11user\Desktop\File\File084,8d274a84770ef915b9a2470fa11e0127ca78cff6717552b57a8a155aa3381533
File085,C:\Users\win11user\Desktop\File\File085,ef72773db6a85f9958aa9902903f0e901526100d826007770c095467ed72e9e3
File086,C:\Users\win11user\Desktop\File\File086,5c2ca1f15d4e9c3964785018c1f0a0309b2c64279c1b93cf3116fb71b60b9a0d
File087,C:\Users\win11user\Desktop\File\File087,0b56a46148fe47c91eb72148db0d6948ba562aea7431e4b71eb5cd855ac0f1a3
File088,C:\Users\win11user\Desktop\File\File088,5cdf52caf1a723074afda063ada5d669fa3035e4122618a1379530863b6ff471
File089,C:\Users\win11user\Desktop\File\File089,34452eded8f8e27c105408e04149ed8de01b80fb4f05e8683ba24e831554734c
File090,C:\Users\win11user\Desktop\File\File090,bd72109e3820a742b32a683a315f5bc0512250da6dcb4c46744af3e85f22da12
File091,C:\Users\win11user\Desktop\File\File091,22711f384d3443a30000d7829ff71f09745995c935bfd2e5f730884a4aa557a9
File092,C:\Users\win11user\Desktop\File\File092,4cd742b67eab294606c6f7813618af6d5824c2fefdc7469941a7f4394d8c3d12
File093,C:\Users\win11user\Desktop\File\File093,a3c1db4b5a48165f66b1c52610c8c3c4232417756cf6f638a273020cd7eb8707
File094,C:\Users\win11user\Desktop\File\File094,c5f3ac4a574e2bc4485f118c2861d93f6bdc8668cd28bb307fbd685fc98a26ed
File095,C:\Users\win11user\Desktop\File\File095,bc00e73aa9064d4acca54d5b4d69bf2e7182f31169fd8ad0a214ed6b306a7b0c
File096,C:\Users\win11user\Desktop\File\File096,188899ce3ec824a842b71508e6a2b8fe96bb96d4bd7be338042a88df447f11b2
File097,C:\Users\win11user\Desktop\File\File097,98758513eab9dec8874b5bbe1c651544721007d344f9d8945c95c76a70a20bf9
File098,C:\Users\win11user\Desktop\File\File098,a920e0ea11d2ba741547e289f88de354c5719366a8b3d32cf37db91cd68bd219
File099,C:\Users\win11user\Desktop\File\File099,1458551d93f12aeada0bacd52b1e17f75167cc90fc09cf7504cce2b296352f65
File100,C:\Users\win11user\Desktop\File\File100,8d5335dba28ff705ead7a9f4c83872cdb0908e34f21421580a52c2ec8e72e446
File101,C:\Users\win11user\Desktop\File\File101,655ce7fca0959a0eeb39b41dc7bdf3e094558875fb433067b6abce1be34c7c08
File102,C:\Users\win11user\Desktop\File\File102,6f07fef56af1ab119fa864ceb2d4e47a1877573ad12d4adae77d44e854c19552
File103,C:\Users\win11user\Desktop\File\File103,fc04c312670430be2afbd2119e448d49c95d53351777cf308b0f95c94ce254ff
File104,C:\Users\win11user\Desktop\File\File104,b8c95670d177067441851cf45d2da12f39ec89bf3c9e85dea17a531ffadddfee
File105,C:\Users\win11user\Desktop\File\File105,67cc5157e5d6ac139820be90071de05cf2d90400bb01f87610ec0b9f1aea9dc2
File106,C:\Users\win11user\Desktop\File\File106,f14a00c695926cd69546d07703f863828470524760afbce999abb84a6c13d900
File107,C:\Users\win11user\Desktop\File\File107,9ae9a368cd561264a95abb5e5198f0b449c17afb9eb4eb93352f399978eac44a
File108,C:\Users\win11user\Desktop\File\File108,c4652a51f423257ee8f535c8ebab08230171ab681f25bfaed0caeaa7f4d91ecf
File109,C:\Users\win11user\Desktop\File\File109,03ef8efddfe82b94dd5ab780706f928bfb3c614e21fae4686e9812f06fc000b4
File110,C:\Users\win11user\Desktop\File\File110,e64f9accbe14dc70a30ded34c08ff2a374e1b69a9ba777693eee04f83986d5af
File111,C:\Users\win11user\Desktop\File\File111,be4813b07294520099ee561ef594396d61726eb042568cdca2bd27af6582e2d5
File112,C:\Users\win11user\Desktop\File\File112,c46cfe45b8b38d43397873bcb7fa2e4d17a4d20727e77ab8d86a66bc8acd9a32
File113,C:\Users\win11user\Desktop\File\File113,c556339e370a7f8bc3fd9c1966adad947090eb47a158f906f0a21e292cdc54ee
File114,C:\Users\win11user\Desktop\File\File114,7662e8701c4b0dd703a57a78f4be877a743315267c28fb78ced2ba2f286bb8dc
File115,C:\Users\win11user\Desktop\File\File115,ad1d9a68a9007982adbf3af743d79b5e21bd8048c8ebf513cbed290406c26a4b
File116,C:\Users\win11user\Desktop\File\File116,358f93a1d4b7abbfbb30e5e1cf307101626b20898ae1979c4cc53238f24ea25e
File117,C:\Users\win11user\Desktop\File\File117,9d21d85165b09487ce74a8b955757454616cda16525b02d2e2043f21de7c0bff
File118,C:\Users\win11user\Desktop\File\File118,624ee8195382d2c555046293546c65c215e25751b75c0aedaa8a842cc22aca11
File119,C:\Users\win11user\Desktop\File\File119,1b94ffee23b76220566a8507d7e1b0b1940a971e1a700d4496658fcd3b5f5f8c
File120,C:\Users\win11user\Desktop\File\File120,13a6ac51b47813e8e2bc1fea590c05cc6bc8e3ad964e3518de976d3ebb66f8f9
File121,C:\Users\win11user\Desktop\File\File121,efbbc257b678eba3fd5a0d5ed8d5490a4a55fad8e4cd1e491a6b8cfcb3ac6945
File122,C:\Users\win11user\Desktop\File\File122,af914f86a773bb8a035937c1603ae4cc1576b83dc6e4149bbf3d5f1219500015
File123,C:\Users\win11user\Desktop\File\File123,2c174db14e47a3582b5949c040ee19766c0a1e79810b924609c737ef14a77de6
File124,C:\Users\win11user\Desktop\File\File124,115d22a6395054520a5e9e5e3e3d802ed1e2152455daea71b1bbb3fb3818cfcd
File125,C:\Users\win11user\Desktop\File\File125,314241eeef941f55c2be2c9da7d161d5c55e91c020f2fb5e8af91e418a695f4e
File126,C:\Users\win11user\Desktop\File\File126,ec201bdcb6f90ca2416ded4104e63c1a1f08ea14f4c22a2cbda99ee6c8259b6f
File127,C:\Users\win11user\Desktop\File\File127,e188f2817b33216c311c017d1b92e112abcb5bee1a2d4437efc58ab7490cc273
File128,C:\Users\win11user\Desktop\File\File128,aecfaf78992755f73ee068196d43a6775e2ece96c2770171529e2517633396b6
File129,C:\Users\win11user\Desktop\File\File129,34768eb405fa77fd6375a3d87e40ad1df08c268171dfaf20230774e6c7612a8f
File130,C:\Users\win11user\Desktop\File\File130,1e6534a07ccd6b616c9a80228698c73903dce2aad3053db598e9ae8ab4788c1e
File131,C:\Users\win11user\Desktop\File\File131,ca081c2d441688ece3475cdbd3136d3249fe993605e1053eeafbbb441f9486d8
File132,C:\Users\win11user\Desktop\File\File132,d795e506a98b382038c9b29117996c95f2edf9388105fc61347539c8312fbc83
File133,C:\Users\win11user\Desktop\File\File133,0dcaf05f6c9f659cb8e342464316504b7ee03cb0aaae1731307206bb8130d74c
File134,C:\Users\win11user\Desktop\File\File134,338d8b3851a2bed5444ff6364c5b70d6e5e1901195611e4a0a7592423375cab9
File135,C:\Users\win11user\Desktop\File\File135,dbcc6774709f846bfd632ba7f29bc152b24a5afcd431e1c875a7e67e97c9f6b3
File136,C:\Users\win11user\Desktop\File\File136,e9e9b42ee499b4d0e717bbfece1011af2127c9bc70dd9d1e8feb0a59e654c2f7
File137,C:\Users\win11user\Desktop\File\File137,36266a8fd073568394cb81cdb2b124f7fdae2c64c1a7ed09db34b4d22efa2951
File138,C:\Users\win11user\Desktop\File\File138,41074035c291360d30b057eab0418219e3c531bb3186be50bb15bffbb8d7fb64
File139,C:\Users\win11user\Desktop\File\File139,2c214b7b450719ebdfde3e695e521d5b68592086983ee6bec6b9cc8a9983fab2
File140,C:\Users\win11user\Desktop\File\File140,2616a07362b644bcaf0bdb9f045cf066d1dc270dc3ccce937d4922d73954007b
File141,C:\Users\win11user\Desktop\File\File141,e9b15661934525f6e87edabbc0ada0a8604398b2f1f47435803a9cec645a3881
File142,C:\Users\win11user\Desktop\File\File142,c6d39b4da918770a0a8ba7af099d3fe93723b0fa335814e073d2aa75d1c18bd9
File143,C:\Users\win11user\Desktop\File\File143,81759f96075607fb7a984d8e9a6471e85a637146fec753e48eefe4d05a37e626
File144,C:\Users\win11user\Desktop\File\File144,fdf18d8256d5950e63a8ae81982706e49c206760e03896555156f2d935718b9c
File145,C:\Users\win11user\Desktop\File\File145,dff503b08e4f8818a56b64390d279d741919f743891329a4280bbb0061f6b2c0
File146,C:\Users\win11user\Desktop\File\File146,31096b3f8270edc5ddcb3dbd462c41afb39b2caabb928aa6938010a7e24578f2
File147,C:\Users\win11user\Desktop\File\File147,2ddbd5f4ce4eccba52f3cc7ecf4929dfb571361d97a33ab3246617f70c9d482f
File148,C:\Users\win11user\Desktop\File\File148,9e345ad76741371fbba34da23c39ccc3897ae35846ee44ab79fbfe18d3a9fd4e
File149,C:\Users\win11user\Desktop\File\File149,ca651505e86f7be138e5fc8a11b450a175064952e4bf882c332aba1831497212
File150,C:\Users\win11user\Desktop\File\File150,9db6a42860fa24a4f1b731f6ec736bd1235f95806c66b6d27064dde5917a974e
File151,C:\Users\win11user\Desktop\File\File151,861b99687b257f226a124b0bf7d028d46bef5cfb31cccf4e68bd448af06fc2d4
File152,C:\Users\win11user\Desktop\File\File152,6329dda11c90cc6461e58fbebfb0ed1ae744d5177b647748826eb22472b128c4
File153,C:\Users\win11user\Desktop\File\File153,2d722a116f991e38f3f64fd486109be6280d91c1804682b4e40f67a7682d899f
File154,C:\Users\win11user\Desktop\File\File154,42f2787a27c9889b60b1ef6da602c57c9a4fe0b6a945c7cc0fda60a8980d7e35
File155,C:\Users\win11user\Desktop\File\File155,3e30293590a4f124e5ad3a783f312f0a4607331799d31e103011a90af5aa8e92
File156,C:\Users\win11user\Desktop\File\File156,2dc04d6ab4d83b63c572f6a2aa0817c70394b8cb7342ea603a04e8cee59d764e
File157,C:\Users\win11user\Desktop\File\File157,320bee996580871e3863b5d8bcb333a83519bff327e2764bb82f84065f44d25d
File158,C:\Users\win11user\Desktop\File\File158,164de5ced33b91f414e4837d123d2d77b44a1abc6bd23ccb8183f0e1355d0d9b
File159,C:\Users\win11user\Desktop\File\File159,c50e84b679470efe6494352ebef66cda2b5bda1dd30981036ff4faaca28d9544
File160,C:\Users\win11user\Desktop\File\File160,d0e714e047c50e9635d0eb408a19a5487f64950d40aa7e3f5fb03fd80550d9ed
File161,C:\Users\win11user\Desktop\File\File161,b424fe8fe48d94e754bf63fc1d31eca150177edbd63065873931b833b1d92c8d
File162,C:\Users\win11user\Desktop\File\File162,19cfcbd8a84eafdc7d99627b9a8e6a3b38d2414e124a412cd928ff0c3107467e
File163,C:\Users\win11user\Desktop\File\File163,a318143f9603d13e7c8f2afbcb27d8dd4045676773ea4170e60543e39f9d5aef
File164,C:\Users\win11user\Desktop\File\File164,2d6f7296759859738048cf02b07f381cab62045037950e590f419df824adfc36
File165,C:\Users\win11user\Desktop\File\File165,1adecb3b5a3882cedce9fd64cddafebdcb045fe7035aac8f02ffe64dc827593c
File166,C:\Users\win11user\Desktop\File\File166,565d4e064b9757bf3e30ff5f229f401c113aa6f073eb823f6d8994be5b189f0b
File167,C:\Users\win11user\Desktop\File\File167,147a3761456127bcb8ada2c34728a301d01acd316946aad7d605c3a9ce37e6f2
File168,C:\Users\win11user\Desktop\File\File168,f831e7eed577481687a9bc0b48024e5e40b6f655fcde073ede964b50be5d55d9
File169,C:\Users\win11user\Desktop\File\File169,5ca9c2b5b336be53bfe6310c3ea4a51f85d003898e267d9871803d05b1c1214f
File170,C:\Users\win11user\Desktop\File\File170,bf2180708e187ea7b3118b65d83767054c8fbdfc258c3fc7d0980f4d936de028
File171,C:\Users\win11user\Desktop\File\File171,021ea4dc427c81adebedb8152f67e67de7dc74417b65c2e276c58ca7d27112fc
File172,C:\Users\win11user\Desktop\File\File172,f98118e352c0c17b1bd04afee6f258d5c29116bf5e6b74fa0a28148ab372519a
File173,C:\Users\win11user\Desktop\File\File173,d042f2a62c3169aae27e079f596effacf5c7d98e3777f230908e1a27f97d4aeb
File174,C:\Users\win11user\Desktop\File\File174,40e4e9e028ff2c341f0f10c7e39bf16bb5328d3faa71e87b4e9bdb117101f0da
File175,C:\Users\win11user\Desktop\File\File175,e1be23b940aa48907364cf126cd3ba656d13f6e9db0317f5072e22952e3c36f2
File176,C:\Users\win11user\Desktop\File\File176,827be39a735f8c49e3fc483b5a57401c463c0aa306ab14f277f20453f45833a1
File177,C:\Users\win11user\Desktop\File\File177,b12679d33126d2dcb0cd3625fccf5c3afc40d95c1be36dc55f7471de94929d23
File178,C:\Users\win11user\Desktop\File\File178,8f10f3044eedf59e35d2a9b06eafeb6c73acfb25cb2cbac88b55e57e49034e9d
File179,C:\Users\win11user\Desktop\File\File179,2d0f446840b79edc6392af5a19603d1092bf816a0853aa7e4017029ba05c7616
File180,C:\Users\win11user\Desktop\File\File180,93ad8b3ae0098063a59ecb9d4784d6222778e52c7c5f1d18238992842ba02ed6
File181,C:\Users\win11user\Desktop\File\File181,8a44bdbeaa77f132076aba2f6e3f59738ea5f75cc17717536c65f862aaa3131c
File182,C:\Users\win11user\Desktop\File\File182,2e4e83d7d42bbd305f4bb20a15f0f4b3346b7b335cb50d8c3a546f681ca1b832
File183,C:\Users\win11user\Desktop\File\File183,42efce0f18b4f04638c0f8804ac4b80a69992259e8e4cd842fe6b105eea3bfb2
File184,C:\Users\win11user\Desktop\File\File184,ef084f96946a33800a10c8cc5baea73a48025bcb100e1ab2c7f9c68fdd5755c3
File185,C:\Users\win11user\Desktop\File\File185,5a61ca0690a051e9dace2cacd65a9aa956278cbef643e4a259d37d8b1da2055a
File186,C:\Users\win11user\Desktop\File\File186,c665a33a2462010c88cc488ac006544014700c2d19b931e528cf40041cc5e9b0
File187,C:\Users\win11user\Desktop\File\File187,d0a731438645729fef6185853644eb033f08944318d6085f46c9561a1a7dc074
File188,C:\Users\win11user\Desktop\File\File188,915c0560471eece77640068019d519f6f5cb345877fc4b7b2006a2cc58277ddf
File189,C:\Users\win11user\Desktop\File\File189,61907f67de8563ebbc76740b23bd97e332cb78a052b4491e9d7f740946cc692f
File190,C:\Users\win11user\Desktop\File\File190,4ed04cdb00ed9809033efbf8f9ad3debee924ff4564f200c96d88a9dc508d7dd
File191,C:\Users\win11user\Desktop\File\File191,19df1c62878cf4ef4634f87f35ad6b66a1df5433e9341772efa0ab2449962e92
File192,C:\Users\win11user\Desktop\File\File192,105e7abe3ee6468f590368d72d02b63ff6eafe147a0cfdd994f952e2b7c9acbd
File193,C:\Users\win11user\Desktop\File\File193,d3f23962bd711525f1e2797f0ec17f15d2a0b73665065bd20cb45d23fa6e3c99
File194,C:\Users\win11user\Desktop\File\File194,9c78b4fcd0a2b8c46af7574db506f6e5c1ae85250034bef6e52c26aa88424b59
File195,C:\Users\win11user\Desktop\File\File195,c0f86d1003cd3c7117dc032b943928910944d00a61de2b3aef60f51c902c896f
File196,C:\Users\win11user\Desktop\File\File196,9e22d6eedee0a3399dc254fdfa1695b4a33e37782c2fe7dddca72f137e831c3c
File197,C:\Users\win11user\Desktop\File\File197,f5afab8876440ad6cb9b95a3988d0d97bc9eaffef86a3d668e74237d7013bd0b
File198,C:\Users\win11user\Desktop\File\File198,ada5a897f6c0a25fd1f71df86455346435639000cd10f1dae3d32675ecc75660
File199,C:\Users\win11user\Desktop\File\File199,be349d9ae09d8cf0f9065dd7a790a41416d3ebf93eb75015bd852266d3b223f9
File200,C:\Users\win11user\Desktop\File\File200,e8f2c7602555751cf8fe40de5e51d1d51c3abcaf617af949cae601c7f21cb4fb
File201,C:\Users\win11user\Desktop\File\File201,cca30ca51762ebc3627fb2bf0ad625f04e52ef1af1b5070132279f5f40015d7f
File202,C:\Users\win11user\Desktop\File\File202,4fb8184bee8c99d59555e7e387a0ebec6df0e3e1801aa640133374ead7c56e78
File203,C:\Users\win11user\Desktop\File\File203,24795cf6cd080bb4897f9e532b34c1e2ebd3d841aa5bfcd30d8c75b833d69518
File204,C:\Users\win11user\Desktop\File\File204,a3a56b01c83255a27ffc21329316ee7bbc2fe6a0e0dc4449d1e8d154312b7ce4
File205,C:\Users\win11user\Desktop\File\File205,d0aa4a315d66e1197e18c51b0924b09e5c716b1204fafb8ac43d101a9da06a89
File206,C:\Users\win11user\Desktop\File\File206,f435ebe4e5aef3479aedf5b2128f6111635cce44f4a7f19cb3ea8d92d21b216d
File207,C:\Users\win11user\Desktop\File\File207,101bcf563ebe0e8ef4f0a63513614791b3c306c10f8382416276992a85dd63b1
File208,C:\Users\win11user\Desktop\File\File208,24a50953cdcb5923deb5c91fc03c89144d6b48ce288457a85f380f511cf6f0ff
File209,C:\Users\win11user\Desktop\File\File209,19de82512ea67a8ca22985d597dc2190f33d23a410315fde887e60bd525a268b
File210,C:\Users\win11user\Desktop\File\File210,ff59a2acd6b318ffc75e2ed3c5936c69d56eda24b6a57049a5d75f14308c00e7
File211,C:\Users\win11user\Desktop\File\File211,dcfff3750dfaabd52f4c62a35a98f1d0df5227aec8ebfcc2e8167bc71c4b05cc
File212,C:\Users\win11user\Desktop\File\File212,5949cf679127b5a6fdb19a4200f72a8bb2b6095bd61e64692cb6b39a06fa96f9
File213,C:\Users\win11user\Desktop\File\File213,47914ae30332a9b287cd49cf1848a923790dec9693742ea370ee5ae9d5f4cd4f
File214,C:\Users\win11user\Desktop\File\File214,568ea3e5a0735f8eb6cde01fe02dd588f2474ecb959188c4fe55a4252cf1d429
File215,C:\Users\win11user\Desktop\File\File215,39f623db0d8f79359e3f585fec270bf9a189c19392e4a69d111ecc71415bad32
File216,C:\Users\win11user\Desktop\File\File216,44e76ab7e070b8e79e26f13b31c2c574ac6194364864ed485961ecbce0a19dc7
File217,C:\Users\win11user\Desktop\File\File217,0d359811829860ca2834f57db70b89d41ec044ab22f85f1a87f5c22228d5d899
File218,C:\Users\win11user\Desktop\File\File218,0037cf511e2b34db246d16b964f9373c21b2dc7b268b9cfcbe89620b16fc4c74
File219,C:\Users\win11user\Desktop\File\File219,a119016709f406bf1550822b2bdc3807c1a2fdb953e387e9257e08d1a81549f9
File220,C:\Users\win11user\Desktop\File\File220,a02767a52d8c1fcde77ed6d297d3ac17029275c6125af1c6ac5a618904f71c6e
