Timestamp,Detected_Hash,Entropy,File_Type,Original_Reference_Path,Current_Location
2026-02-19T15:21:54.782650,621a179e360dde879b74b9be144b8ab6e630e58ea992971f3bca9146c9635c20,4.4478,Unknown/None,C:\Users\Vigilante\Desktop\MP2_test\File\File004,C:\Users\Vigilante\Desktop\MP2_test\File\File004
2026-02-19T15:21:54.799001,ad4a58c7b13e3bf2504d6e9a4f67c03bbdc3cc09a338c3b7fdc1e890e1c80e93,5.4436,Unknown/None,C:\Users\Vigilante\Desktop\MP2_test\File\File013,C:\Users\Vigilante\Desktop\MP2_test\File\File013
2026-02-19T15:21:54.812065,a82e984256abd016dfef2e0dd554bf7d36c3edffdcc516580df4d0527da63cf8,2.621,Windows Executable (PE),C:\Users\Vigilante\Desktop\MP2_test\File\File027,C:\Users\Vigilante\Desktop\MP2_test\File\File027
2026-02-19T15:21:54.822319,071345a2709641e09bd87d46c65dd868e1000e1429f36051df2c9b479a9e8fd5,7.3234,ZIP/Archive,C:\Users\Vigilante\Desktop\MP2_test\File\File012,C:\Users\Vigilante\Desktop\MP2_test\File\File012
2026-02-19T15:21:54.832695,0eefccda4460faab2f6a2243598f74a58c93c2ff01a60e4c7b87ff2ff048677e,4.5625,Unknown/None,C:\Users\Vigilante\Desktop\MP2_test\File\File040,C:\Users\Vigilante\Desktop\MP2_test\File\File040
2026-02-19T15:21:54.841808,58d04b05a781cbfe76a36ce7a5e275b65972dacd5384b990217d271d090e8e0b,5.0653,Unknown/None,C:\Users\Vigilante\Desktop\MP2_test\File\File003,C:\Users\Vigilante\Desktop\MP2_test\File\File003
2026-02-19T15:21:54.858864,abbc52db824b9a134dfd0ef0c646a8e2382a05e7af9a9f5865b77cc704844495,5.3043,Unknown/None,C:\Users\Vigilante\Desktop\MP2_test\File\File039,C:\Users\Vigilante\Desktop\MP2_test\File\File039
2026-02-19T15:21:54.884505,324d140227ff55095c890442e288bd78259fb18008caac0bf611dfccad2d2bc2,4.7326,Unknown/None,C:\Users\Vigilante\Desktop\MP2_test\File\File015,C:\Users\Vigilante\Desktop\MP2_test\File\File015
2026-02-19T15:21:54.899311,d6a99d5fa30152aa09b95e8198641cc9ee95c27051ceb5031b22bacb674a7073,4.6337,Unknown/None,C:\Users\Vigilante\Desktop\MP2_test\File\File044,C:\Users\Vigilante\Desktop\MP2_test\File\File044
2026-02-19T15:21:54.912550,81cbae84a29ce7e770bf2bc7b178e50bda0ce8de6067aba661b0bc7b05b562f8,4.6219,Unknown/None,C:\Users\Vigilante\Desktop\MP2_test\File\File026,C:\Users\Vigilante\Desktop\MP2_test\File\File026
2026-02-19T15:21:54.933783,f2d66c27e46fd953e90929cfa21390964036b8c913d99acacc4295f8daa049de,4.7257,Unknown/None,C:\Users\Vigilante\Desktop\MP2_test\File\File029,C:\Users\Vigilante\Desktop\MP2_test\File\File029
2026-02-19T15:21:54.981092,a71945c90d5a1dd9b21256ad2f71d6b426aa5a51bcdc1692b128e6316771c890,4.156,Unknown/None,C:\Users\Vigilante\Desktop\MP2_test\File\File016,C:\Users\Vigilante\Desktop\MP2_test\File\File016
2026-02-19T15:21:54.996986,13fb48a6c31a72e0e2b69650b1cebe8954f7b73449848492dcfd22b25bd91afa,4.618,Unknown/None,C:\Users\Vigilante\Desktop\MP2_test\File\File021,C:\Users\Vigilante\Desktop\MP2_test\File\File021
2026-02-19T15:21:55.025266,9fd1640e94b12e51aa238c41e6306f9e0619f672f969ec4b2cb347732744188a,3.3095,Unknown/None,C:\Users\Vigilante\Desktop\MP2_test\File\File020,C:\Users\Vigilante\Desktop\MP2_test\File\File020
2026-02-19T15:21:55.032418,ed5de336ddc9ff34554219b5c125971399bbbbb71db8a465aa7d17bb8944eb9d,5.3812,Unknown/None,C:\Users\Vigilante\Desktop\MP2_test\File\File002,C:\Users\Vigilante\Desktop\MP2_test\File\File002
2026-02-19T15:21:55.052333,7a6f4e0442b3b4f6f936c00e7fd813d0fda011f10496481d94805003cf4f330b,6.9615,Windows Executable (PE),C:\Users\Vigilante\Desktop\MP2_test\File\File001,C:\Users\Vigilante\Desktop\MP2_test\File\File001
2026-02-19T15:21:55.079256,52a382ff0005e95597de5539d5b9ab1208e5e943d19bb6a14537fec2d2a3d64d,7.7155,Unknown/None,C:\Users\Vigilante\Desktop\MP2_test\File\File033,C:\Users\Vigilante\Desktop\MP2_test\File\File033
2026-02-19T15:21:55.107142,3df63fb05c080d1652305e4aa50bbcfba703b71f4f5b55b29762fdbb8eecf82b,6.971,Windows Executable (PE),C:\Users\Vigilante\Desktop\MP2_test\File\File025,C:\Users\Vigilante\Desktop\MP2_test\File\File025
2026-02-19T15:21:55.126686,0a7cc99c58d394b983cd6f0084acc9fe71b7cc6bcfc91c543bb8dc1a5174b63b,4.3152,Unknown/None,C:\Users\Vigilante\Desktop\MP2_test\File\File028,C:\Users\Vigilante\Desktop\MP2_test\File\File028
2026-02-19T15:21:55.135186,7dc700da62ae9e18138d220ea344c5c104b8c4a32dc2af96076121a799185dc4,2.8961,Windows Executable (PE),C:\Users\Vigilante\Desktop\MP2_test\File\File024,C:\Users\Vigilante\Desktop\MP2_test\File\File024
2026-02-19T15:21:55.146189,be03d7f716ccb1120fabf644f12d9bea11e0eeeb8b2c64686b842869cd4c50f0,3.1162,Windows Executable (PE),C:\Users\Vigilante\Desktop\MP2_test\File\File005,C:\Users\Vigilante\Desktop\MP2_test\File\File005
2026-02-19T15:21:55.161310,5ba8b8c4481d78f5b39daffb796ff663aa50b8338edc61b0a6ee028ad0a1b2eb,7.9575,PDF Document,C:\Users\Vigilante\Desktop\MP2_test\File\File022,C:\Users\Vigilante\Desktop\MP2_test\File\File022
2026-02-19T15:21:55.172078,be063e3c106e6ecbcd6366742cfbacd3c6fdd5596665d2679de8cbfa5960d26f,4.4884,Unknown/None,C:\Users\Vigilante\Desktop\MP2_test\File\File034,C:\Users\Vigilante\Desktop\MP2_test\File\File034
2026-02-19T15:21:55.198642,81082c4fcc0ec554191ffe3443dacf4d442337264060ee97d019c3c84c6e099c,7.7541,ZIP/Archive,C:\Users\Vigilante\Desktop\MP2_test\File\File031,C:\Users\Vigilante\Desktop\MP2_test\File\File031
2026-02-19T15:21:55.223254,8b9d7b249fd8b32d14465b6d038060da3545114bcf0041ada1f7205b81d6887d,6.8109,Windows Executable (PE),C:\Users\Vigilante\Desktop\MP2_test\File\File042,C:\Users\Vigilante\Desktop\MP2_test\File\File042
2026-02-19T15:21:55.245907,5ac465d7d37bad28b424c139e142cea865d163495182eecdebf02ea91705d0a9,5.4505,Unknown/None,C:\Users\Vigilante\Desktop\MP2_test\File\File048,C:\Users\Vigilante\Desktop\MP2_test\File\File048
2026-02-19T15:21:55.262970,9f85d5be7ccd66b89e730bb720e157bac05d165d38cb41c343eb21421c10e359,5.3374,Unknown/None,C:\Users\Vigilante\Desktop\MP2_test\File\File049,C:\Users\Vigilante\Desktop\MP2_test\File\File049
2026-02-19T15:21:55.293080,b2234d575d7257d1280199c630c2a9bc15d637dd04e040cff0d42dd8001f9531,5.3186,Unknown/None,C:\Users\Vigilante\Desktop\MP2_test\File\File054,C:\Users\Vigilante\Desktop\MP2_test\File\File054
2026-02-19T15:21:55.317682,0bfdd7cb1d0cb8697316b798e83792d11634273aa4471e31409fe86c15e70104,4.2626,Unknown/None,C:\Users\Vigilante\Desktop\MP2_test\File\File050,C:\Users\Vigilante\Desktop\MP2_test\File\File050
2026-02-19T15:21:55.332970,2300646f4daccc0773f9cdc078f603814c2025828cb978137e3b38fb1a2a64a3,6.5985,Windows Executable (PE),C:\Users\Vigilante\Desktop\MP2_test\File\File046,C:\Users\Vigilante\Desktop\MP2_test\File\File046
2026-02-19T15:21:55.351477,35c1692f61a508740541e3ce33ebd664db88b7d78bbd99994b9082c42b99efdd,2.868,Windows Executable (PE),C:\Users\Vigilante\Desktop\MP2_test\File\File060,C:\Users\Vigilante\Desktop\MP2_test\File\File060
2026-02-19T15:21:55.373770,9c81453c7de7f7b959263051a8107ddafaad8a53fad4125c6a72541eb06a06bb,5.5529,Unknown/None,C:\Users\Vigilante\Desktop\MP2_test\File\File057,C:\Users\Vigilante\Desktop\MP2_test\File\File057
2026-02-19T15:21:55.394899,89329961c24be7ab46447b5a0da0a3787e37f2d7d00c98aa3673c77c973e02a4,7.9398,ZIP/Archive,C:\Users\Vigilante\Desktop\MP2_test\File\File032,C:\Users\Vigilante\Desktop\MP2_test\File\File032
2026-02-19T15:21:55.402325,06b41becd146579b61b1ff06b083406ec810d047b89adef3eaa0e50a3d6ade33,5.1662,Unknown/None,C:\Users\Vigilante\Desktop\MP2_test\File\File064,C:\Users\Vigilante\Desktop\MP2_test\File\File064
2026-02-19T15:21:55.420985,d3dd96a21af17539c75ef957bd5a90b745c590af2667c282b160bdb2f0732067,4.5167,Unknown/None,C:\Users\Vigilante\Desktop\MP2_test\File\File061,C:\Users\Vigilante\Desktop\MP2_test\File\File061
2026-02-19T15:21:55.437712,0b37ab6ce65c46852c4201e7756c243a8a019ceba7b62558b2666a7eb24afb17,3.238,Unknown/None,C:\Users\Vigilante\Desktop\MP2_test\File\File058,C:\Users\Vigilante\Desktop\MP2_test\File\File058
2026-02-19T15:21:55.454802,7321f38d919d4fb46030f5692d2aaa8d74caee26fbbdf7e4b06ea71b68ed27fd,7.9261,ZIP/Archive,C:\Users\Vigilante\Desktop\MP2_test\File\File037,C:\Users\Vigilante\Desktop\MP2_test\File\File037
2026-02-19T15:21:55.465208,ae1723cc3fb17ca87d6be46de09162dcb52f4b5291c58a095e12cbe3bb5e2414,5.0554,Unknown/None,C:\Users\Vigilante\Desktop\MP2_test\File\File065,C:\Users\Vigilante\Desktop\MP2_test\File\File065
2026-02-19T15:21:55.483858,2853b3fa183165c4ec4fe29a88c722c5573c60c40ac92581fa2ee53f6af22a8c,7.9529,JPEG Image,C:\Users\Vigilante\Desktop\MP2_test\File\File052,C:\Users\Vigilante\Desktop\MP2_test\File\File052
2026-02-19T15:21:55.490204,145cca35fc844f511e8af7756374d27125a440b088410ade80c15527fb39e224,6.9207,Windows Executable (PE),C:\Users\Vigilante\Desktop\MP2_test\File\File062,C:\Users\Vigilante\Desktop\MP2_test\File\File062
2026-02-19T15:21:55.500840,304f551a0c08e27c12b749fcc8f213b97ba87c3f09d0669f6655e1a5400c933f,7.8009,PDF Document,C:\Users\Vigilante\Desktop\MP2_test\File\File018,C:\Users\Vigilante\Desktop\MP2_test\File\File018
2026-02-19T15:21:55.512072,e3a4563c0f11178ce2eb4623899a43c9221b68e6e0b8ecaeebca23c4277d9496,7.9645,JPEG Image,C:\Users\Vigilante\Desktop\MP2_test\File\File045,C:\Users\Vigilante\Desktop\MP2_test\File\File045
2026-02-19T15:21:55.524418,13e84bab911c370a9c80081d6a711f6f334296996cac27348aaad72aa59dc5b7,7.922,ZIP/Archive,C:\Users\Vigilante\Desktop\MP2_test\File\File043,C:\Users\Vigilante\Desktop\MP2_test\File\File043
2026-02-19T15:21:55.537999,f650b7d8b20d0dc12ecdd0f683c3a1252d4fa0d9941378541738f38614af3c67,6.8808,Windows Executable (PE),C:\Users\Vigilante\Desktop\MP2_test\File\File071,C:\Users\Vigilante\Desktop\MP2_test\File\File071
2026-02-19T15:21:55.554427,cbc1858fa38513e9d63f90483cccc15745a5bfa58642b9fe8f60374f7d684308,7.9635,JPEG Image,C:\Users\Vigilante\Desktop\MP2_test\File\File053,C:\Users\Vigilante\Desktop\MP2_test\File\File053
2026-02-19T15:21:55.568643,611d489613cbef351d56d9e5b5e51e44d95376d60b70cee8c1bf4fd9a3d128e0,5.3268,Unknown/None,C:\Users\Vigilante\Desktop\MP2_test\File\File077,C:\Users\Vigilante\Desktop\MP2_test\File\File077
2026-02-19T15:21:55.579426,4597944501acf1ef4475162997e25e581a6f5d7d760f85826e6960ef5a49d1fe,7.9635,PNG Image,C:\Users\Vigilante\Desktop\MP2_test\File\File069,C:\Users\Vigilante\Desktop\MP2_test\File\File069
2026-02-19T15:21:55.599938,f7bd687eddd64d561b50372ddaef38b90ae58a358099a06dbf33a894856b9760,7.9389,ZIP/Archive,C:\Users\Vigilante\Desktop\MP2_test\File\File076,C:\Users\Vigilante\Desktop\MP2_test\File\File076
2026-02-19T15:21:55.616455,eebca9f734909c752bd248639b0b387908cb6df0182ea97346857fc88affb08a,7.9623,ZIP/Archive,C:\Users\Vigilante\Desktop\MP2_test\File\File056,C:\Users\Vigilante\Desktop\MP2_test\File\File056
2026-02-19T15:21:55.632927,bd678df29699f8c9af45ec4bf10f8b7a197bb0d07850fa5c64fd013910bc5e5c,7.9651,JPEG Image,C:\Users\Vigilante\Desktop\MP2_test\File\File073,C:\Users\Vigilante\Desktop\MP2_test\File\File073
2026-02-19T15:21:55.642292,4879d504f9bfb07bea63f737a7d075d02bd3ec8fdbec4acbcf13c22e2bece3b8,6.8753,Windows Executable (PE),C:\Users\Vigilante\Desktop\MP2_test\File\File080,C:\Users\Vigilante\Desktop\MP2_test\File\File080
2026-02-19T15:21:55.654369,9a253a8e0737cd0f157afcdcccc509e8da3e15aa072c5d1aeb3921aa9364216b,2.6185,Windows Executable (PE),C:\Users\Vigilante\Desktop\MP2_test\File\File081,C:\Users\Vigilante\Desktop\MP2_test\File\File081
2026-02-19T15:21:55.671690,a8e59a9df5508fc37a2bbbd42cb25427b0916d474b012ba2bf826190145594cb,4.7368,Unknown/None,C:\Users\Vigilante\Desktop\MP2_test\File\File082,C:\Users\Vigilante\Desktop\MP2_test\File\File082
2026-02-19T15:21:55.687791,07c2b8430a74a8ac1622b5223d7b11b1cdfbc24db0e0b34ef72697c35799a91f,4.5137,Unknown/None,C:\Users\Vigilante\Desktop\MP2_test\File\File083,C:\Users\Vigilante\Desktop\MP2_test\File\File083
2026-02-19T15:21:55.707929,78d9ccc3aea19b6656afb4cb7a7afddf0eb3fa2ee3c348a628b3beeacd0e98a2,3.6815,Windows Executable (PE),C:\Users\Vigilante\Desktop\MP2_test\File\File067,C:\Users\Vigilante\Desktop\MP2_test\File\File067
2026-02-19T15:21:55.720687,172ceeeacd20f57c054f26ba9ba83d9ea971fcb3cca9a343135371cddcd77197,7.3655,Unknown/None,C:\Users\Vigilante\Desktop\MP2_test\File\File023,C:\Users\Vigilante\Desktop\MP2_test\File\File023
2026-02-19T15:21:55.742763,5c2ca1f15d4e9c3964785018c1f0a0309b2c64279c1b93cf3116fb71b60b9a0d,4.9794,Unknown/None,C:\Users\Vigilante\Desktop\MP2_test\File\File086,C:\Users\Vigilante\Desktop\MP2_test\File\File086
2026-02-19T15:21:55.761566,18bda15f6aed8448f4d714569c4ca343ad8e7dc0ebdd7016fe4ecf8ba51b2c2d,7.9644,JPEG Image,C:\Users\Vigilante\Desktop\MP2_test\File\File078,C:\Users\Vigilante\Desktop\MP2_test\File\File078
2026-02-19T15:21:55.775952,5cdf52caf1a723074afda063ada5d669fa3035e4122618a1379530863b6ff471,4.426,Unknown/None,C:\Users\Vigilante\Desktop\MP2_test\File\File088,C:\Users\Vigilante\Desktop\MP2_test\File\File088
2026-02-19T15:21:55.786486,44703ef6d22f6859c137eb844f3939d0e7aa21fb7f6bed16861758bb9e5229c5,7.4687,Windows Executable (PE),C:\Users\Vigilante\Desktop\MP2_test\File\File075,C:\Users\Vigilante\Desktop\MP2_test\File\File075
2026-02-19T15:21:55.803226,22711f384d3443a30000d7829ff71f09745995c935bfd2e5f730884a4aa557a9,4.9129,Unknown/None,C:\Users\Vigilante\Desktop\MP2_test\File\File091,C:\Users\Vigilante\Desktop\MP2_test\File\File091
2026-02-19T15:21:55.816178,96cb4aaffd42b83c1f3325208d88d1d37bdc985d1e09bf3a01c42c3f4ce0a943,7.3155,Unknown/None,C:\Users\Vigilante\Desktop\MP2_test\File\File079,C:\Users\Vigilante\Desktop\MP2_test\File\File079
2026-02-19T15:21:55.837707,bb09f3b4e07672d3ac19638db0979ec4c5442492af49b14006c60c55a97f7d04,7.9285,Windows Executable (PE),C:\Users\Vigilante\Desktop\MP2_test\File\File051,C:\Users\Vigilante\Desktop\MP2_test\File\File051
2026-02-19T15:21:55.849726,bd72109e3820a742b32a683a315f5bc0512250da6dcb4c46744af3e85f22da12,7.9539,JPEG Image,C:\Users\Vigilante\Desktop\MP2_test\File\File090,C:\Users\Vigilante\Desktop\MP2_test\File\File090
2026-02-19T15:21:55.864773,593e2bfb37d712aa42b97ca849d23107456dcc69dc61408978c4ae4c5a9806e8,7.9934,ZIP/Archive,C:\Users\Vigilante\Desktop\MP2_test\File\File007,C:\Users\Vigilante\Desktop\MP2_test\File\File007
2026-02-19T15:21:55.900081,34452eded8f8e27c105408e04149ed8de01b80fb4f05e8683ba24e831554734c,7.9611,JPEG Image,C:\Users\Vigilante\Desktop\MP2_test\File\File089,C:\Users\Vigilante\Desktop\MP2_test\File\File089
2026-02-19T15:21:55.921020,ef72773db6a85f9958aa9902903f0e901526100d826007770c095467ed72e9e3,7.979,ZIP/Archive,C:\Users\Vigilante\Desktop\MP2_test\File\File085,C:\Users\Vigilante\Desktop\MP2_test\File\File085
2026-02-19T15:21:55.928901,c5f3ac4a574e2bc4485f118c2861d93f6bdc8668cd28bb307fbd685fc98a26ed,7.6783,ZIP/Archive,C:\Users\Vigilante\Desktop\MP2_test\File\File094,C:\Users\Vigilante\Desktop\MP2_test\File\File094
2026-02-19T15:21:55.938544,0b56a46148fe47c91eb72148db0d6948ba562aea7431e4b71eb5cd855ac0f1a3,7.8246,ZIP/Archive,C:\Users\Vigilante\Desktop\MP2_test\File\File087,C:\Users\Vigilante\Desktop\MP2_test\File\File087
2026-02-19T15:21:55.951247,1458551d93f12aeada0bacd52b1e17f75167cc90fc09cf7504cce2b296352f65,4.578,Unknown/None,C:\Users\Vigilante\Desktop\MP2_test\File\File099,C:\Users\Vigilante\Desktop\MP2_test\File\File099
2026-02-19T15:21:55.961991,8d5335dba28ff705ead7a9f4c83872cdb0908e34f21421580a52c2ec8e72e446,7.6873,ZIP/Archive,C:\Users\Vigilante\Desktop\MP2_test\File\File100,C:\Users\Vigilante\Desktop\MP2_test\File\File100
2026-02-19T15:21:55.978345,044dabbdcc1d8d6dcac29643daf6a30de44ba64d551361019d0ac29f3d09c551,6.9438,Unknown/None,C:\Users\Vigilante\Desktop\MP2_test\File\File055,C:\Users\Vigilante\Desktop\MP2_test\File\File055
2026-02-19T15:21:55.998759,655ce7fca0959a0eeb39b41dc7bdf3e094558875fb433067b6abce1be34c7c08,6.8949,Windows Executable (PE),C:\Users\Vigilante\Desktop\MP2_test\File\File101,C:\Users\Vigilante\Desktop\MP2_test\File\File101
2026-02-19T15:21:56.009567,8d274a84770ef915b9a2470fa11e0127ca78cff6717552b57a8a155aa3381533,7.9796,PDF Document,C:\Users\Vigilante\Desktop\MP2_test\File\File084,C:\Users\Vigilante\Desktop\MP2_test\File\File084
2026-02-19T15:21:56.017654,98758513eab9dec8874b5bbe1c651544721007d344f9d8945c95c76a70a20bf9,7.9516,Unknown/None,C:\Users\Vigilante\Desktop\MP2_test\File\File097,C:\Users\Vigilante\Desktop\MP2_test\File\File097
2026-02-19T15:21:56.037986,4cd742b67eab294606c6f7813618af6d5824c2fefdc7469941a7f4394d8c3d12,6.7877,Windows Executable (PE),C:\Users\Vigilante\Desktop\MP2_test\File\File092,C:\Users\Vigilante\Desktop\MP2_test\File\File092
2026-02-19T15:21:56.053317,f14a00c695926cd69546d07703f863828470524760afbce999abb84a6c13d900,3.3823,Unknown/None,C:\Users\Vigilante\Desktop\MP2_test\File\File106,C:\Users\Vigilante\Desktop\MP2_test\File\File106
2026-02-19T15:21:56.063096,188899ce3ec824a842b71508e6a2b8fe96bb96d4bd7be338042a88df447f11b2,7.9546,ZIP/Archive,C:\Users\Vigilante\Desktop\MP2_test\File\File096,C:\Users\Vigilante\Desktop\MP2_test\File\File096
2026-02-19T15:21:56.070973,6a34ddbbc2a43d2c911fbf7b59824c4b7860448f7c1435e520b562af33614d50,7.5548,Windows Executable (PE),C:\Users\Vigilante\Desktop\MP2_test\File\File047,C:\Users\Vigilante\Desktop\MP2_test\File\File047
2026-02-19T15:21:56.084172,bc00e73aa9064d4acca54d5b4d69bf2e7182f31169fd8ad0a214ed6b306a7b0c,7.26,Windows Executable (PE),C:\Users\Vigilante\Desktop\MP2_test\File\File095,C:\Users\Vigilante\Desktop\MP2_test\File\File095
2026-02-19T15:21:56.103230,e64f9accbe14dc70a30ded34c08ff2a374e1b69a9ba777693eee04f83986d5af,4.4187,Unknown/None,C:\Users\Vigilante\Desktop\MP2_test\File\File110,C:\Users\Vigilante\Desktop\MP2_test\File\File110
2026-02-19T15:21:56.121687,c46cfe45b8b38d43397873bcb7fa2e4d17a4d20727e77ab8d86a66bc8acd9a32,4.2267,Unknown/None,C:\Users\Vigilante\Desktop\MP2_test\File\File112,C:\Users\Vigilante\Desktop\MP2_test\File\File112
2026-02-19T15:21:56.162421,6f07fef56af1ab119fa864ceb2d4e47a1877573ad12d4adae77d44e854c19552,7.8692,Unknown/None,C:\Users\Vigilante\Desktop\MP2_test\File\File102,C:\Users\Vigilante\Desktop\MP2_test\File\File102
2026-02-19T15:21:56.172910,9ae9a368cd561264a95abb5e5198f0b449c17afb9eb4eb93352f399978eac44a,7.9602,JPEG Image,C:\Users\Vigilante\Desktop\MP2_test\File\File107,C:\Users\Vigilante\Desktop\MP2_test\File\File107
2026-02-19T15:21:56.196006,be4813b07294520099ee561ef594396d61726eb042568cdca2bd27af6582e2d5,7.913,ZIP/Archive,C:\Users\Vigilante\Desktop\MP2_test\File\File111,C:\Users\Vigilante\Desktop\MP2_test\File\File111
2026-02-19T15:21:56.221794,2517ee94d08b1eb42f5599f45066d450c26782e1c6ffc0fc0225d89c62d2e2bf,7.9948,PNG Image,C:\Users\Vigilante\Desktop\MP2_test\File\File019,C:\Users\Vigilante\Desktop\MP2_test\File\File019
2026-02-19T15:21:56.237118,1e8804a55aa1931e0382776bad307c5b7401daed687b87bf2dc2ca4a4cd075f5,7.9934,PNG Image,C:\Users\Vigilante\Desktop\MP2_test\File\File008,C:\Users\Vigilante\Desktop\MP2_test\File\File008
2026-02-19T15:21:56.252839,fc691fa2e54dafccb9744fe0249f946a87b4e69f2a49ace3c9cce22dd737b82e,7.9928,PNG Image,C:\Users\Vigilante\Desktop\MP2_test\File\File036,C:\Users\Vigilante\Desktop\MP2_test\File\File036
2026-02-19T15:21:56.274840,caa4f0870e1edf0e723db15963b182576d841a4df2202ea7e36a0c19a4a3853f,7.9931,PNG Image,C:\Users\Vigilante\Desktop\MP2_test\File\File009,C:\Users\Vigilante\Desktop\MP2_test\File\File009
2026-02-19T15:21:56.285935,c556339e370a7f8bc3fd9c1966adad947090eb47a158f906f0a21e292cdc54ee,7.9692,JPEG Image,C:\Users\Vigilante\Desktop\MP2_test\File\File113,C:\Users\Vigilante\Desktop\MP2_test\File\File113
2026-02-19T15:21:56.294922,9d21d85165b09487ce74a8b955757454616cda16525b02d2e2043f21de7c0bff,7.8401,ZIP/Archive,C:\Users\Vigilante\Desktop\MP2_test\File\File117,C:\Users\Vigilante\Desktop\MP2_test\File\File117
2026-02-19T15:21:56.304091,1b94ffee23b76220566a8507d7e1b0b1940a971e1a700d4496658fcd3b5f5f8c,5.2013,Unknown/None,C:\Users\Vigilante\Desktop\MP2_test\File\File119,C:\Users\Vigilante\Desktop\MP2_test\File\File119
2026-02-19T15:21:56.313274,13a6ac51b47813e8e2bc1fea590c05cc6bc8e3ad964e3518de976d3ebb66f8f9,5.2786,Unknown/None,C:\Users\Vigilante\Desktop\MP2_test\File\File120,C:\Users\Vigilante\Desktop\MP2_test\File\File120
2026-02-19T15:21:56.324427,5220da04b5ef146ca0230533d56c2085c170d9557c7333faad22f3bc766fb2b0,7.994,PNG Image,C:\Users\Vigilante\Desktop\MP2_test\File\File059,C:\Users\Vigilante\Desktop\MP2_test\File\File059
2026-02-19T15:21:56.344398,d2c03ebbcb573163994d6eb247209a6cd9ffd5141b14511e4766a31b303c0b65,7.9938,PNG Image,C:\Users\Vigilante\Desktop\MP2_test\File\File041,C:\Users\Vigilante\Desktop\MP2_test\File\File041
2026-02-19T15:21:56.375035,e9099b712728530d628b1198561e6c2cac999f54e07a0a3923b9ad6f2d36004b,7.9944,PNG Image,C:\Users\Vigilante\Desktop\MP2_test\File\File068,C:\Users\Vigilante\Desktop\MP2_test\File\File068
2026-02-19T15:21:56.395424,aecfaf78992755f73ee068196d43a6775e2ece96c2770171529e2517633396b6,4.3058,Unknown/None,C:\Users\Vigilante\Desktop\MP2_test\File\File128,C:\Users\Vigilante\Desktop\MP2_test\File\File128
2026-02-19T15:21:56.426330,03ef8efddfe82b94dd5ab780706f928bfb3c614e21fae4686e9812f06fc000b4,7.9152,Unknown/None,C:\Users\Vigilante\Desktop\MP2_test\File\File109,C:\Users\Vigilante\Desktop\MP2_test\File\File109
2026-02-19T15:21:56.452141,115d22a6395054520a5e9e5e3e3d802ed1e2152455daea71b1bbb3fb3818cfcd,7.9669,JPEG Image,C:\Users\Vigilante\Desktop\MP2_test\File\File124,C:\Users\Vigilante\Desktop\MP2_test\File\File124
2026-02-19T15:21:56.462661,efbbc257b678eba3fd5a0d5ed8d5490a4a55fad8e4cd1e491a6b8cfcb3ac6945,7.9229,ZIP/Archive,C:\Users\Vigilante\Desktop\MP2_test\File\File121,C:\Users\Vigilante\Desktop\MP2_test\File\File121
2026-02-19T15:21:56.482915,ca081c2d441688ece3475cdbd3136d3249fe993605e1053eeafbbb441f9486d8,7.554,ZIP/Archive,C:\Users\Vigilante\Desktop\MP2_test\File\File131,C:\Users\Vigilante\Desktop\MP2_test\File\File131
2026-02-19T15:21:56.498256,e188f2817b33216c311c017d1b92e112abcb5bee1a2d4437efc58ab7490cc273,7.956,JPEG Image,C:\Users\Vigilante\Desktop\MP2_test\File\File127,C:\Users\Vigilante\Desktop\MP2_test\File\File127
2026-02-19T15:21:56.520211,cfe80c6d2e2233791b84e68c40dbba5be93805c5f8ad829cf525b9dfd67c25a8,7.9928,PNG Image,C:\Users\Vigilante\Desktop\MP2_test\File\File072,C:\Users\Vigilante\Desktop\MP2_test\File\File072
2026-02-19T15:21:56.542047,7662e8701c4b0dd703a57a78f4be877a743315267c28fb78ced2ba2f286bb8dc,7.7339,PDF Document,C:\Users\Vigilante\Desktop\MP2_test\File\File114,C:\Users\Vigilante\Desktop\MP2_test\File\File114
2026-02-19T15:21:56.562778,1e6534a07ccd6b616c9a80228698c73903dce2aad3053db598e9ae8ab4788c1e,7.6618,ZIP/Archive,C:\Users\Vigilante\Desktop\MP2_test\File\File130,C:\Users\Vigilante\Desktop\MP2_test\File\File130
2026-02-19T15:21:56.575418,36266a8fd073568394cb81cdb2b124f7fdae2c64c1a7ed09db34b4d22efa2951,5.1342,Unknown/None,C:\Users\Vigilante\Desktop\MP2_test\File\File137,C:\Users\Vigilante\Desktop\MP2_test\File\File137
2026-02-19T15:21:56.595109,34768eb405fa77fd6375a3d87e40ad1df08c268171dfaf20230774e6c7612a8f,7.7856,PDF Document,C:\Users\Vigilante\Desktop\MP2_test\File\File129,C:\Users\Vigilante\Desktop\MP2_test\File\File129
2026-02-19T15:21:56.609973,c4cc527b4b4c5cab414a2ca920a3596df19ed8f5808509672b6b25b7feeca047,7.9941,PNG Image,C:\Users\Vigilante\Desktop\MP2_test\File\File070,C:\Users\Vigilante\Desktop\MP2_test\File\File070
2026-02-19T15:21:56.633045,2c214b7b450719ebdfde3e695e521d5b68592086983ee6bec6b9cc8a9983fab2,4.6752,Unknown/None,C:\Users\Vigilante\Desktop\MP2_test\File\File139,C:\Users\Vigilante\Desktop\MP2_test\File\File139
2026-02-19T15:21:56.648846,358f93a1d4b7abbfbb30e5e1cf307101626b20898ae1979c4cc53238f24ea25e,7.9553,ZIP/Archive,C:\Users\Vigilante\Desktop\MP2_test\File\File116,C:\Users\Vigilante\Desktop\MP2_test\File\File116
2026-02-19T15:21:56.670605,f1330cf05c37e77a9b29e7078d564282ca9c897ceebf50fa1e2078d21e48cffd,7.5296,Unknown/None,C:\Users\Vigilante\Desktop\MP2_test\File\File063,C:\Users\Vigilante\Desktop\MP2_test\File\File063
2026-02-19T15:21:56.689050,0dcaf05f6c9f659cb8e342464316504b7ee03cb0aaae1731307206bb8130d74c,7.9595,JPEG Image,C:\Users\Vigilante\Desktop\MP2_test\File\File133,C:\Users\Vigilante\Desktop\MP2_test\File\File133
2026-02-19T15:21:56.700227,af914f86a773bb8a035937c1603ae4cc1576b83dc6e4149bbf3d5f1219500015,7.9936,ZIP/Archive,C:\Users\Vigilante\Desktop\MP2_test\File\File122,C:\Users\Vigilante\Desktop\MP2_test\File\File122
2026-02-19T15:21:56.721532,2c174db14e47a3582b5949c040ee19766c0a1e79810b924609c737ef14a77de6,7.981,PDF Document,C:\Users\Vigilante\Desktop\MP2_test\File\File123,C:\Users\Vigilante\Desktop\MP2_test\File\File123
2026-02-19T15:21:56.755599,2616a07362b644bcaf0bdb9f045cf066d1dc270dc3ccce937d4922d73954007b,7.9589,JPEG Image,C:\Users\Vigilante\Desktop\MP2_test\File\File140,C:\Users\Vigilante\Desktop\MP2_test\File\File140
2026-02-19T15:21:56.771731,dff503b08e4f8818a56b64390d279d741919f743891329a4280bbb0061f6b2c0,7.8393,ZIP/Archive,C:\Users\Vigilante\Desktop\MP2_test\File\File145,C:\Users\Vigilante\Desktop\MP2_test\File\File145
2026-02-19T15:21:56.787154,31096b3f8270edc5ddcb3dbd462c41afb39b2caabb928aa6938010a7e24578f2,2.4276,Windows Executable (PE),C:\Users\Vigilante\Desktop\MP2_test\File\File146,C:\Users\Vigilante\Desktop\MP2_test\File\File146
2026-02-19T15:21:56.801452,ad1d9a68a9007982adbf3af743d79b5e21bd8048c8ebf513cbed290406c26a4b,7.5168,Windows Executable (PE),C:\Users\Vigilante\Desktop\MP2_test\File\File115,C:\Users\Vigilante\Desktop\MP2_test\File\File115
2026-02-19T15:21:56.804471,2ddbd5f4ce4eccba52f3cc7ecf4929dfb571361d97a33ab3246617f70c9d482f,4.7201,Unknown/None,C:\Users\Vigilante\Desktop\MP2_test\File\File147,C:\Users\Vigilante\Desktop\MP2_test\File\File147
2026-02-19T15:21:56.833499,ca651505e86f7be138e5fc8a11b450a175064952e4bf882c332aba1831497212,7.5638,ZIP/Archive,C:\Users\Vigilante\Desktop\MP2_test\File\File149,C:\Users\Vigilante\Desktop\MP2_test\File\File149
2026-02-19T15:21:56.842050,b8c95670d177067441851cf45d2da12f39ec89bf3c9e85dea17a531ffadddfee,7.9811,ZIP/Archive,C:\Users\Vigilante\Desktop\MP2_test\File\File104,C:\Users\Vigilante\Desktop\MP2_test\File\File104
2026-02-19T15:21:56.855294,624ee8195382d2c555046293546c65c215e25751b75c0aedaa8a842cc22aca11,7.8519,Windows Executable (PE),C:\Users\Vigilante\Desktop\MP2_test\File\File118,C:\Users\Vigilante\Desktop\MP2_test\File\File118
2026-02-19T15:21:56.866205,67cc5157e5d6ac139820be90071de05cf2d90400bb01f87610ec0b9f1aea9dc2,7.9928,PNG Image,C:\Users\Vigilante\Desktop\MP2_test\File\File105,C:\Users\Vigilante\Desktop\MP2_test\File\File105
2026-02-19T15:21:56.877440,2d722a116f991e38f3f64fd486109be6280d91c1804682b4e40f67a7682d899f,7.8341,ZIP/Archive,C:\Users\Vigilante\Desktop\MP2_test\File\File153,C:\Users\Vigilante\Desktop\MP2_test\File\File153
2026-02-19T15:21:56.903591,42f2787a27c9889b60b1ef6da602c57c9a4fe0b6a945c7cc0fda60a8980d7e35,3.3353,Unknown/None,C:\Users\Vigilante\Desktop\MP2_test\File\File154,C:\Users\Vigilante\Desktop\MP2_test\File\File154
2026-02-19T15:21:56.916748,6329dda11c90cc6461e58fbebfb0ed1ae744d5177b647748826eb22472b128c4,7.9683,JPEG Image,C:\Users\Vigilante\Desktop\MP2_test\File\File152,C:\Users\Vigilante\Desktop\MP2_test\File\File152
2026-02-19T15:21:56.924972,d795e506a98b382038c9b29117996c95f2edf9388105fc61347539c8312fbc83,7.9924,PDF Document,C:\Users\Vigilante\Desktop\MP2_test\File\File132,C:\Users\Vigilante\Desktop\MP2_test\File\File132
2026-02-19T15:21:56.947823,320bee996580871e3863b5d8bcb333a83519bff327e2764bb82f84065f44d25d,4.5842,Unknown/None,C:\Users\Vigilante\Desktop\MP2_test\File\File157,C:\Users\Vigilante\Desktop\MP2_test\File\File157
2026-02-19T15:21:56.957381,164de5ced33b91f414e4837d123d2d77b44a1abc6bd23ccb8183f0e1355d0d9b,5.3133,Unknown/None,C:\Users\Vigilante\Desktop\MP2_test\File\File158,C:\Users\Vigilante\Desktop\MP2_test\File\File158
2026-02-19T15:21:56.978344,9e345ad76741371fbba34da23c39ccc3897ae35846ee44ab79fbfe18d3a9fd4e,6.4925,Unknown/None,C:\Users\Vigilante\Desktop\MP2_test\File\File148,C:\Users\Vigilante\Desktop\MP2_test\File\File148
2026-02-19T15:21:56.989005,338d8b3851a2bed5444ff6364c5b70d6e5e1901195611e4a0a7592423375cab9,7.9949,ZIP/Archive,C:\Users\Vigilante\Desktop\MP2_test\File\File134,C:\Users\Vigilante\Desktop\MP2_test\File\File134
2026-02-19T15:21:57.016013,e9b15661934525f6e87edabbc0ada0a8604398b2f1f47435803a9cec645a3881,6.7625,Windows Executable (PE),C:\Users\Vigilante\Desktop\MP2_test\File\File141,C:\Users\Vigilante\Desktop\MP2_test\File\File141
2026-02-19T15:21:57.030221,d0e714e047c50e9635d0eb408a19a5487f64950d40aa7e3f5fb03fd80550d9ed,3.894,Windows Executable (PE),C:\Users\Vigilante\Desktop\MP2_test\File\File160,C:\Users\Vigilante\Desktop\MP2_test\File\File160
2026-02-19T15:21:57.049187,2d6f7296759859738048cf02b07f381cab62045037950e590f419df824adfc36,6.652,Windows Executable (PE),C:\Users\Vigilante\Desktop\MP2_test\File\File164,C:\Users\Vigilante\Desktop\MP2_test\File\File164
2026-02-19T15:21:57.072504,b424fe8fe48d94e754bf63fc1d31eca150177edbd63065873931b833b1d92c8d,7.7112,ZIP/Archive,C:\Users\Vigilante\Desktop\MP2_test\File\File161,C:\Users\Vigilante\Desktop\MP2_test\File\File161
2026-02-19T15:21:57.087438,1adecb3b5a3882cedce9fd64cddafebdcb045fe7035aac8f02ffe64dc827593c,5.2627,Unknown/None,C:\Users\Vigilante\Desktop\MP2_test\File\File165,C:\Users\Vigilante\Desktop\MP2_test\File\File165
2026-02-19T15:21:57.105576,19cfcbd8a84eafdc7d99627b9a8e6a3b38d2414e124a412cd928ff0c3107467e,7.7168,ZIP/Archive,C:\Users\Vigilante\Desktop\MP2_test\File\File162,C:\Users\Vigilante\Desktop\MP2_test\File\File162
2026-02-19T15:21:57.135101,155f0ed931821473758ba6f804d113c50afe262eb1c4c182e3a0f1a7a09970ec,7.9617,ZIP/Archive,C:\Users\Vigilante\Desktop\MP2_test\File\File035,C:\Users\Vigilante\Desktop\MP2_test\File\File035
2026-02-19T15:21:57.149725,a920e0ea11d2ba741547e289f88de354c5719366a8b3d32cf37db91cd68bd219,7.994,PNG Image,C:\Users\Vigilante\Desktop\MP2_test\File\File098,C:\Users\Vigilante\Desktop\MP2_test\File\File098
2026-02-19T15:21:57.160347,41074035c291360d30b057eab0418219e3c531bb3186be50bb15bffbb8d7fb64,7.9742,PDF Document,C:\Users\Vigilante\Desktop\MP2_test\File\File138,C:\Users\Vigilante\Desktop\MP2_test\File\File138
2026-02-19T15:21:57.169976,565d4e064b9757bf3e30ff5f229f401c113aa6f073eb823f6d8994be5b189f0b,2.6704,Windows Executable (PE),C:\Users\Vigilante\Desktop\MP2_test\File\File166,C:\Users\Vigilante\Desktop\MP2_test\File\File166
2026-02-19T15:21:57.194079,5ca9c2b5b336be53bfe6310c3ea4a51f85d003898e267d9871803d05b1c1214f,5.5491,Unknown/None,C:\Users\Vigilante\Desktop\MP2_test\File\File169,C:\Users\Vigilante\Desktop\MP2_test\File\File169
2026-02-19T15:21:57.216208,f831e7eed577481687a9bc0b48024e5e40b6f655fcde073ede964b50be5d55d9,4.5508,Unknown/None,C:\Users\Vigilante\Desktop\MP2_test\File\File168,C:\Users\Vigilante\Desktop\MP2_test\File\File168
2026-02-19T15:21:57.232386,147a3761456127bcb8ada2c34728a301d01acd316946aad7d605c3a9ce37e6f2,5.0829,Unknown/None,C:\Users\Vigilante\Desktop\MP2_test\File\File167,C:\Users\Vigilante\Desktop\MP2_test\File\File167
2026-02-19T15:21:57.242691,c4652a51f423257ee8f535c8ebab08230171ab681f25bfaed0caeaa7f4d91ecf,7.9944,PNG Image,C:\Users\Vigilante\Desktop\MP2_test\File\File108,C:\Users\Vigilante\Desktop\MP2_test\File\File108
2026-02-19T15:21:57.258128,3e30293590a4f124e5ad3a783f312f0a4607331799d31e103011a90af5aa8e92,6.1969,Windows Executable (PE),C:\Users\Vigilante\Desktop\MP2_test\File\File155,C:\Users\Vigilante\Desktop\MP2_test\File\File155
2026-02-19T15:21:57.277500,d042f2a62c3169aae27e079f596effacf5c7d98e3777f230908e1a27f97d4aeb,7.0741,Windows Executable (PE),C:\Users\Vigilante\Desktop\MP2_test\File\File173,C:\Users\Vigilante\Desktop\MP2_test\File\File173
2026-02-19T15:21:57.294217,f98118e352c0c17b1bd04afee6f258d5c29116bf5e6b74fa0a28148ab372519a,4.5896,Unknown/None,C:\Users\Vigilante\Desktop\MP2_test\File\File172,C:\Users\Vigilante\Desktop\MP2_test\File\File172
2026-02-19T15:21:57.324102,40e4e9e028ff2c341f0f10c7e39bf16bb5328d3faa71e87b4e9bdb117101f0da,4.216,Unknown/None,C:\Users\Vigilante\Desktop\MP2_test\File\File174,C:\Users\Vigilante\Desktop\MP2_test\File\File174
2026-02-19T15:21:57.342646,e1be23b940aa48907364cf126cd3ba656d13f6e9db0317f5072e22952e3c36f2,5.418,Unknown/None,C:\Users\Vigilante\Desktop\MP2_test\File\File175,C:\Users\Vigilante\Desktop\MP2_test\File\File175
2026-02-19T15:21:57.365557,b12679d33126d2dcb0cd3625fccf5c3afc40d95c1be36dc55f7471de94929d23,6.0235,Windows Executable (PE),C:\Users\Vigilante\Desktop\MP2_test\File\File177,C:\Users\Vigilante\Desktop\MP2_test\File\File177
2026-02-19T15:21:57.395390,2d0f446840b79edc6392af5a19603d1092bf816a0853aa7e4017029ba05c7616,4.7293,Unknown/None,C:\Users\Vigilante\Desktop\MP2_test\File\File179,C:\Users\Vigilante\Desktop\MP2_test\File\File179
2026-02-19T15:21:57.402763,c50e84b679470efe6494352ebef66cda2b5bda1dd30981036ff4faaca28d9544,5.818,Windows Executable (PE),C:\Users\Vigilante\Desktop\MP2_test\File\File159,C:\Users\Vigilante\Desktop\MP2_test\File\File159
2026-02-19T15:21:57.431204,a318143f9603d13e7c8f2afbcb27d8dd4045676773ea4170e60543e39f9d5aef,7.9604,JPEG Image,C:\Users\Vigilante\Desktop\MP2_test\File\File163,C:\Users\Vigilante\Desktop\MP2_test\File\File163
2026-02-19T15:21:57.438426,827be39a735f8c49e3fc483b5a57401c463c0aa306ab14f277f20453f45833a1,3.1457,Windows Executable (PE),C:\Users\Vigilante\Desktop\MP2_test\File\File176,C:\Users\Vigilante\Desktop\MP2_test\File\File176
2026-02-19T15:21:57.449225,8f10f3044eedf59e35d2a9b06eafeb6c73acfb25cb2cbac88b55e57e49034e9d,5.2935,Unknown/None,C:\Users\Vigilante\Desktop\MP2_test\File\File178,C:\Users\Vigilante\Desktop\MP2_test\File\File178
2026-02-19T15:21:57.479721,42efce0f18b4f04638c0f8804ac4b80a69992259e8e4cd842fe6b105eea3bfb2,7.4666,ZIP/Archive,C:\Users\Vigilante\Desktop\MP2_test\File\File183,C:\Users\Vigilante\Desktop\MP2_test\File\File183
2026-02-19T15:21:57.499732,2dc04d6ab4d83b63c572f6a2aa0817c70394b8cb7342ea603a04e8cee59d764e,7.8274,PDF Document,C:\Users\Vigilante\Desktop\MP2_test\File\File156,C:\Users\Vigilante\Desktop\MP2_test\File\File156
2026-02-19T15:21:57.526192,8a44bdbeaa77f132076aba2f6e3f59738ea5f75cc17717536c65f862aaa3131c,7.8624,ZIP/Archive,C:\Users\Vigilante\Desktop\MP2_test\File\File181,C:\Users\Vigilante\Desktop\MP2_test\File\File181
2026-02-19T15:21:57.533691,c665a33a2462010c88cc488ac006544014700c2d19b931e528cf40041cc5e9b0,3.5681,Unknown/None,C:\Users\Vigilante\Desktop\MP2_test\File\File186,C:\Users\Vigilante\Desktop\MP2_test\File\File186
2026-02-19T15:21:57.541509,d0a731438645729fef6185853644eb033f08944318d6085f46c9561a1a7dc074,7.2615,ZIP/Archive,C:\Users\Vigilante\Desktop\MP2_test\File\File187,C:\Users\Vigilante\Desktop\MP2_test\File\File187
2026-02-19T15:21:57.554299,915c0560471eece77640068019d519f6f5cb345877fc4b7b2006a2cc58277ddf,4.5862,Unknown/None,C:\Users\Vigilante\Desktop\MP2_test\File\File188,C:\Users\Vigilante\Desktop\MP2_test\File\File188
2026-02-19T15:21:57.570592,314241eeef941f55c2be2c9da7d161d5c55e91c020f2fb5e8af91e418a695f4e,7.9941,PNG Image,C:\Users\Vigilante\Desktop\MP2_test\File\File125,C:\Users\Vigilante\Desktop\MP2_test\File\File125
2026-02-19T15:21:57.587071,61907f67de8563ebbc76740b23bd97e332cb78a052b4491e9d7f740946cc692f,7.6546,ZIP/Archive,C:\Users\Vigilante\Desktop\MP2_test\File\File189,C:\Users\Vigilante\Desktop\MP2_test\File\File189
2026-02-19T15:21:57.596753,233c2b822e1930e61de96b91aa6051c327301c1f46a0887f43cc21534fd44de1,7.9918,ZIP/Archive,C:\Users\Vigilante\Desktop\MP2_test\File\File014,C:\Users\Vigilante\Desktop\MP2_test\File\File014
2026-02-19T15:21:57.624186,c0f86d1003cd3c7117dc032b943928910944d00a61de2b3aef60f51c902c896f,7.7972,Unknown/None,C:\Users\Vigilante\Desktop\MP2_test\File\File195,C:\Users\Vigilante\Desktop\MP2_test\File\File195
2026-02-19T15:21:57.640824,19df1c62878cf4ef4634f87f35ad6b66a1df5433e9341772efa0ab2449962e92,7.7023,ZIP/Archive,C:\Users\Vigilante\Desktop\MP2_test\File\File191,C:\Users\Vigilante\Desktop\MP2_test\File\File191
2026-02-19T15:21:57.681393,ec201bdcb6f90ca2416ded4104e63c1a1f08ea14f4c22a2cbda99ee6c8259b6f,7.9931,PNG Image,C:\Users\Vigilante\Desktop\MP2_test\File\File126,C:\Users\Vigilante\Desktop\MP2_test\File\File126
2026-02-19T15:21:57.688343,9db6a42860fa24a4f1b731f6ec736bd1235f95806c66b6d27064dde5917a974e,7.9905,ZIP/Archive,C:\Users\Vigilante\Desktop\MP2_test\File\File150,C:\Users\Vigilante\Desktop\MP2_test\File\File150
2026-02-19T15:21:57.702209,2e4e83d7d42bbd305f4bb20a15f0f4b3346b7b335cb50d8c3a546f681ca1b832,7.1879,PDF Document,C:\Users\Vigilante\Desktop\MP2_test\File\File182,C:\Users\Vigilante\Desktop\MP2_test\File\File182
2026-02-19T15:21:57.733053,105e7abe3ee6468f590368d72d02b63ff6eafe147a0cfdd994f952e2b7c9acbd,7.178,Unknown/None,C:\Users\Vigilante\Desktop\MP2_test\File\File192,C:\Users\Vigilante\Desktop\MP2_test\File\File192
2026-02-19T15:21:57.740730,d3f23962bd711525f1e2797f0ec17f15d2a0b73665065bd20cb45d23fa6e3c99,7.9749,ZIP/Archive,C:\Users\Vigilante\Desktop\MP2_test\File\File193,C:\Users\Vigilante\Desktop\MP2_test\File\File193
2026-02-19T15:21:57.766286,24795cf6cd080bb4897f9e532b34c1e2ebd3d841aa5bfcd30d8c75b833d69518,5.5477,Unknown/None,C:\Users\Vigilante\Desktop\MP2_test\File\File203,C:\Users\Vigilante\Desktop\MP2_test\File\File203
2026-02-19T15:21:57.774951,a3a56b01c83255a27ffc21329316ee7bbc2fe6a0e0dc4449d1e8d154312b7ce4,5.3725,Unknown/None,C:\Users\Vigilante\Desktop\MP2_test\File\File204,C:\Users\Vigilante\Desktop\MP2_test\File\File204
2026-02-19T15:21:57.784676,be349d9ae09d8cf0f9065dd7a790a41416d3ebf93eb75015bd852266d3b223f9,7.9122,PDF Document,C:\Users\Vigilante\Desktop\MP2_test\File\File199,C:\Users\Vigilante\Desktop\MP2_test\File\File199
2026-02-19T15:21:57.799725,a3c1db4b5a48165f66b1c52610c8c3c4232417756cf6f638a273020cd7eb8707,7.9918,ZIP/Archive,C:\Users\Vigilante\Desktop\MP2_test\File\File093,C:\Users\Vigilante\Desktop\MP2_test\File\File093
2026-02-19T15:21:57.819592,e9e9b42ee499b4d0e717bbfece1011af2127c9bc70dd9d1e8feb0a59e654c2f7,7.9927,Unknown/None,C:\Users\Vigilante\Desktop\MP2_test\File\File136,C:\Users\Vigilante\Desktop\MP2_test\File\File136
2026-02-19T15:21:57.833327,81759f96075607fb7a984d8e9a6471e85a637146fec753e48eefe4d05a37e626,7.9916,JPEG Image,C:\Users\Vigilante\Desktop\MP2_test\File\File143,C:\Users\Vigilante\Desktop\MP2_test\File\File143
2026-02-19T15:21:57.856362,d0aa4a315d66e1197e18c51b0924b09e5c716b1204fafb8ac43d101a9da06a89,7.9639,JPEG Image,C:\Users\Vigilante\Desktop\MP2_test\File\File205,C:\Users\Vigilante\Desktop\MP2_test\File\File205
2026-02-19T15:21:57.882377,f435ebe4e5aef3479aedf5b2128f6111635cce44f4a7f19cb3ea8d92d21b216d,7.7333,ZIP/Archive,C:\Users\Vigilante\Desktop\MP2_test\File\File206,C:\Users\Vigilante\Desktop\MP2_test\File\File206
2026-02-19T15:21:57.903380,5949cf679127b5a6fdb19a4200f72a8bb2b6095bd61e64692cb6b39a06fa96f9,4.7794,Unknown/None,C:\Users\Vigilante\Desktop\MP2_test\File\File212,C:\Users\Vigilante\Desktop\MP2_test\File\File212
2026-02-19T15:21:57.928770,dacc4061e08088885f6338bdee771df124755e4b59c8abdd6bf96b9b81ddf538,7.9823,PDF Document,C:\Users\Vigilante\Desktop\MP2_test\File\File066,C:\Users\Vigilante\Desktop\MP2_test\File\File066
2026-02-19T15:21:57.945409,021ea4dc427c81adebedb8152f67e67de7dc74417b65c2e276c58ca7d27112fc,7.4951,ZIP/Archive,C:\Users\Vigilante\Desktop\MP2_test\File\File171,C:\Users\Vigilante\Desktop\MP2_test\File\File171
2026-02-19T15:21:57.954237,5a61ca0690a051e9dace2cacd65a9aa956278cbef643e4a259d37d8b1da2055a,7.9889,ZIP/Archive,C:\Users\Vigilante\Desktop\MP2_test\File\File185,C:\Users\Vigilante\Desktop\MP2_test\File\File185
2026-02-19T15:21:57.962438,39f623db0d8f79359e3f585fec270bf9a189c19392e4a69d111ecc71415bad32,5.2965,Unknown/None,C:\Users\Vigilante\Desktop\MP2_test\File\File215,C:\Users\Vigilante\Desktop\MP2_test\File\File215
2026-02-19T15:21:57.971258,47914ae30332a9b287cd49cf1848a923790dec9693742ea370ee5ae9d5f4cd4f,1.0172,Windows Executable (PE),C:\Users\Vigilante\Desktop\MP2_test\File\File213,C:\Users\Vigilante\Desktop\MP2_test\File\File213
2026-02-19T15:21:57.994954,ff59a2acd6b318ffc75e2ed3c5936c69d56eda24b6a57049a5d75f14308c00e7,7.9631,ZIP/Archive,C:\Users\Vigilante\Desktop\MP2_test\File\File210,C:\Users\Vigilante\Desktop\MP2_test\File\File210
2026-02-19T15:21:58.010331,3b7abb872967e1db077436f9888bb0039ad4cc0ef0ac066a638a57d4bd26c775,7.8434,ZIP/Archive,C:\Users\Vigilante\Desktop\MP2_test\File\File010,C:\Users\Vigilante\Desktop\MP2_test\File\File010
2026-02-19T15:21:58.047513,19de82512ea67a8ca22985d597dc2190f33d23a410315fde887e60bd525a268b,7.9227,PDF Document,C:\Users\Vigilante\Desktop\MP2_test\File\File209,C:\Users\Vigilante\Desktop\MP2_test\File\File209
2026-02-19T15:21:58.061684,0d359811829860ca2834f57db70b89d41ec044ab22f85f1a87f5c22228d5d899,4.6208,Unknown/None,C:\Users\Vigilante\Desktop\MP2_test\File\File217,C:\Users\Vigilante\Desktop\MP2_test\File\File217
2026-02-19T15:21:58.072761,a02767a52d8c1fcde77ed6d297d3ac17029275c6125af1c6ac5a618904f71c6e,4.637,Unknown/None,C:\Users\Vigilante\Desktop\MP2_test\File\File220,C:\Users\Vigilante\Desktop\MP2_test\File\File220
2026-02-19T15:21:58.084626,44e76ab7e070b8e79e26f13b31c2c574ac6194364864ed485961ecbce0a19dc7,5.2637,Unknown/None,C:\Users\Vigilante\Desktop\MP2_test\File\File216,C:\Users\Vigilante\Desktop\MP2_test\File\File216
2026-02-19T15:21:58.095785,dcfff3750dfaabd52f4c62a35a98f1d0df5227aec8ebfcc2e8167bc71c4b05cc,7.9569,ZIP/Archive,C:\Users\Vigilante\Desktop\MP2_test\File\File211,C:\Users\Vigilante\Desktop\MP2_test\File\File211
2026-02-19T15:21:58.110086,fe5d03498443b9d9b248d83499f26e7c177ca6e41c4394ff010f77aa85344a91,7.9867,ZIP/Archive,C:\Users\Vigilante\Desktop\MP2_test\File\File006,C:\Users\Vigilante\Desktop\MP2_test\File\File006
2026-02-19T15:21:58.133674,a119016709f406bf1550822b2bdc3807c1a2fdb953e387e9257e08d1a81549f9,7.9516,JPEG Image,C:\Users\Vigilante\Desktop\MP2_test\File\File219,C:\Users\Vigilante\Desktop\MP2_test\File\File219
2026-02-19T15:21:58.142401,568ea3e5a0735f8eb6cde01fe02dd588f2474ecb959188c4fe55a4252cf1d429,7.9686,JPEG Image,C:\Users\Vigilante\Desktop\MP2_test\File\File214,C:\Users\Vigilante\Desktop\MP2_test\File\File214
2026-02-19T15:21:58.157518,cca30ca51762ebc3627fb2bf0ad625f04e52ef1af1b5070132279f5f40015d7f,7.5307,Windows Executable (PE),C:\Users\Vigilante\Desktop\MP2_test\File\File201,C:\Users\Vigilante\Desktop\MP2_test\File\File201
2026-02-19T15:21:58.191937,101bcf563ebe0e8ef4f0a63513614791b3c306c10f8382416276992a85dd63b1,7.7276,Windows Executable (PE),C:\Users\Vigilante\Desktop\MP2_test\File\File207,C:\Users\Vigilante\Desktop\MP2_test\File\File207
2026-02-19T15:21:58.269955,9e22d6eedee0a3399dc254fdfa1695b4a33e37782c2fe7dddca72f137e831c3c,7.9912,ZIP/Archive,C:\Users\Vigilante\Desktop\MP2_test\File\File196,C:\Users\Vigilante\Desktop\MP2_test\File\File196
2026-02-19T15:21:58.310386,4fb8184bee8c99d59555e7e387a0ebec6df0e3e1801aa640133374ead7c56e78,7.031,Unknown/None,C:\Users\Vigilante\Desktop\MP2_test\File\File202,C:\Users\Vigilante\Desktop\MP2_test\File\File202
2026-02-19T15:21:58.334655,ef084f96946a33800a10c8cc5baea73a48025bcb100e1ab2c7f9c68fdd5755c3,7.9923,PNG Image,C:\Users\Vigilante\Desktop\MP2_test\File\File184,C:\Users\Vigilante\Desktop\MP2_test\File\File184
2026-02-19T15:21:58.383030,4ed04cdb00ed9809033efbf8f9ad3debee924ff4564f200c96d88a9dc508d7dd,7.9933,PNG Image,C:\Users\Vigilante\Desktop\MP2_test\File\File190,C:\Users\Vigilante\Desktop\MP2_test\File\File190
2026-02-19T15:21:58.391024,9c78b4fcd0a2b8c46af7574db506f6e5c1ae85250034bef6e52c26aa88424b59,7.9585,ZIP/Archive,C:\Users\Vigilante\Desktop\MP2_test\File\File194,C:\Users\Vigilante\Desktop\MP2_test\File\File194
2026-02-19T15:21:58.425460,6c2ddef8af98d34537d0b8cdb4251c2d6a55b09875305c82b39bdac20dea70ef,7.9981,ZIP/Archive,C:\Users\Vigilante\Desktop\MP2_test\File\File017,C:\Users\Vigilante\Desktop\MP2_test\File\File017
2026-02-19T15:21:58.447888,93ad8b3ae0098063a59ecb9d4784d6222778e52c7c5f1d18238992842ba02ed6,6.52,Windows Executable (PE),C:\Users\Vigilante\Desktop\MP2_test\File\File180,C:\Users\Vigilante\Desktop\MP2_test\File\File180
2026-02-19T15:21:58.475359,e8f2c7602555751cf8fe40de5e51d1d51c3abcaf617af949cae601c7f21cb4fb,7.9944,Windows Executable (PE),C:\Users\Vigilante\Desktop\MP2_test\File\File200,C:\Users\Vigilante\Desktop\MP2_test\File\File200
2026-02-19T15:21:58.482849,c6d39b4da918770a0a8ba7af099d3fe93723b0fa335814e073d2aa75d1c18bd9,7.7078,ZIP/Archive,C:\Users\Vigilante\Desktop\MP2_test\File\File142,C:\Users\Vigilante\Desktop\MP2_test\File\File142
2026-02-19T15:21:58.503811,fdf18d8256d5950e63a8ae81982706e49c206760e03896555156f2d935718b9c,7.998,ZIP/Archive,C:\Users\Vigilante\Desktop\MP2_test\File\File144,C:\Users\Vigilante\Desktop\MP2_test\File\File144
2026-02-19T15:21:58.521219,131694dfcd8c271b37e54ca9e5c1abbb9ac88526e15cbb9356084667282d36eb,7.9958,Unknown/None,C:\Users\Vigilante\Desktop\MP2_test\File\File038,C:\Users\Vigilante\Desktop\MP2_test\File\File038
2026-02-19T15:21:58.637515,0037cf511e2b34db246d16b964f9373c21b2dc7b268b9cfcbe89620b16fc4c74,7.9938,PNG Image,C:\Users\Vigilante\Desktop\MP2_test\File\File218,C:\Users\Vigilante\Desktop\MP2_test\File\File218
2026-02-19T15:21:58.654179,570481ebf63d977e87206c3810f9ffd4d9357b37aae5767d86a061fc0135d767,7.9973,ZIP/Archive,C:\Users\Vigilante\Desktop\MP2_test\File\File030,C:\Users\Vigilante\Desktop\MP2_test\File\File030
2026-02-19T15:21:58.682630,f5afab8876440ad6cb9b95a3988d0d97bc9eaffef86a3d668e74237d7013bd0b,7.9978,ZIP/Archive,C:\Users\Vigilante\Desktop\MP2_test\File\File197,C:\Users\Vigilante\Desktop\MP2_test\File\File197
2026-02-19T15:21:58.945674,24a50953cdcb5923deb5c91fc03c89144d6b48ce288457a85f380f511cf6f0ff,7.9919,ZIP/Archive,C:\Users\Vigilante\Desktop\MP2_test\File\File208,C:\Users\Vigilante\Desktop\MP2_test\File\File208
2026-02-19T15:21:58.986749,861b99687b257f226a124b0bf7d028d46bef5cfb31cccf4e68bd448af06fc2d4,7.9732,ZIP/Archive,C:\Users\Vigilante\Desktop\MP2_test\File\File151,C:\Users\Vigilante\Desktop\MP2_test\File\File151
2026-02-19T15:21:59.011538,1a8bd54fb55f42a50ab36aae0ec2e366a7e16f2169086aa448d062be79b1ab1a,7.9966,ZIP/Archive,C:\Users\Vigilante\Desktop\MP2_test\File\File074,C:\Users\Vigilante\Desktop\MP2_test\File\File074
2026-02-19T15:21:59.032490,dbcc6774709f846bfd632ba7f29bc152b24a5afcd431e1c875a7e67e97c9f6b3,7.9421,PDF Document,C:\Users\Vigilante\Desktop\MP2_test\File\File135,C:\Users\Vigilante\Desktop\MP2_test\File\File135
2026-02-19T15:21:59.164606,fc04c312670430be2afbd2119e448d49c95d53351777cf308b0f95c94ce254ff,7.8752,PDF Document,C:\Users\Vigilante\Desktop\MP2_test\File\File103,C:\Users\Vigilante\Desktop\MP2_test\File\File103
2026-02-19T15:21:59.177192,bf2180708e187ea7b3118b65d83767054c8fbdfc258c3fc7d0980f4d936de028,7.9934,ZIP/Archive,C:\Users\Vigilante\Desktop\MP2_test\File\File170,C:\Users\Vigilante\Desktop\MP2_test\File\File170
2026-02-19T15:21:59.345624,7d0d7911b0d2f8edd31039124f32e2565cd65705d491344e7e51282da201de88,7.9991,ZIP/Archive,C:\Users\Vigilante\Desktop\MP2_test\File\File011,C:\Users\Vigilante\Desktop\MP2_test\File\File011
2026-02-19T15:21:59.366945,ada5a897f6c0a25fd1f71df86455346435639000cd10f1dae3d32675ecc75660,7.9552,ZIP/Archive,C:\Users\Vigilante\Desktop\MP2_test\File\File198,C:\Users\Vigilante\Desktop\MP2_test\File\File198
